,Gene,TS_status,pred_prob
519,EZH2,1,0.578347064
385,IKZF1,1,0.528964234
632,CCDC126,0,0.479474735
131,HYAL4,0,0.449808978
444,TRIM24,1,0.441072541
412,CDK6,0,0.436633578
473,SYPL1,0,0.424236633
34,EN2,0,0.411818517
390,KMT2C,1,0.403741209
646,GNG11,0,0.398519119
415,AHR,0,0.396831454
448,CASP2,0,0.39474487
595,SBDS,1,0.391723098
827,RP9,0,0.388194505
437,GRB10,0,0.38183231
27,DLX5,0,0.381536956
58,HOXA11,1,0.379179285
396,ZC3HAV1,0,0.378077326
236,RNF133,0,0.377581825
541,AGK,0,0.376224989
29,DYNC1I1,0,0.375806691
90,SFRP4,1,0.371027352
737,CDK14,0,0.369061549
176,NPVF,0,0.368620133
334,POLR2J3,0,0.367307257
394,MCM7,0,0.366852985
170,AKR1B10,0,0.366647405
95,TAC1,0,0.366543064
861,NPTX2,0,0.366093644
274,CNPY1,0,0.364302567
649,HOXA9,1,0.364157967
494,CDK13,0,0.36122136
593,PHF14,0,0.359136279
22,CYP3A7,0,0.358780977
311,IQCA1L,0,0.357106985
610,GET4,0,0.356692517
416,TRRAP,0,0.355721479
173,NFE4,0,0.353398193
678,NRF1,0,0.352804098
877,LSMEM1,0,0.35236501
714,ING3,0,0.351603784
495,CCM2,0,0.351463662
235,ZNF679,0,0.351143952
674,ZNF467,0,0.35044699
302,RNF148,0,0.349055078
617,PON2,0,0.348780818
197,BUD23,0,0.348421164
854,MPP6,0,0.347821346
395,KMT2E,0,0.347745941
355,SMKR1,0,0.346249295
509,UBE2H,0,0.34545082
23,CYP3A4,0,0.345404744
490,RALA,0,0.344892461
772,RAPGEF5,0,0.344554741
261,SEMA3D,0,0.342859683
447,LUC7L2,0,0.34205531
797,ABHD11,0,0.340873878
270,TAS2R40,0,0.340098346
539,SNX13,0,0.339406679
472,PPIA,0,0.339172416
840,DNAH11,0,0.338873451
552,LAMTOR4,0,0.337039977
380,HNRNPA2B1,0,0.336953491
179,CYP3A43,0,0.335203939
572,TMEM106B,0,0.334177244
735,ZNF777,0,0.333988434
627,DAGLB,0,0.333951794
59,HOXA13,0,0.332405022
266,STEAP1B,0,0.33181263
561,AP5Z1,0,0.331058653
859,SEMA3A,0,0.329262127
346,LUZP6,0,0.32809437
641,CHN2,0,0.327635209
222,RUNDC3B,0,0.327331433
718,BRAF,0,0.326089768
45,GNGT1,0,0.324602233
847,GIMAP4,0,0.324571811
386,SND1,0,0.324540425
13,CFTR,0,0.32391696
323,ZNF716,0,0.323545578
612,GCC1,0,0.322246018
515,PSMC2,0,0.321876166
884,CAV1,0,0.321124601
262,POLR2J2,0,0.319464782
382,INSIG1,0,0.319316141
468,ATP6V1F,0,0.318537181
483,PMPCB,0,0.318306368
496,CUX1,1,0.317674858
723,POLR2J,0,0.317457903
422,TMEM248,0,0.317098233
502,PSMA2,0,0.316655791
362,TMEM178B,0,0.314208018
47,GPER1,0,0.314183116
555,POT1,1,0.312369365
514,KRIT1,0,0.311067927
785,SERPINE1,0,0.307843404
619,TWISTNB,0,0.306007317
689,DBF4,0,0.305982611
219,ASZ1,0,0.305948929
805,TMEM243,0,0.305754855
530,MEPCE,0,0.305522504
538,IRF5,0,0.305346572
684,RBM28,0,0.305146488
96,TWIST1,0,0.304604151
512,IGF2BP3,0,0.30350023
281,ABCB5,0,0.303109553
457,STEAP4,0,0.302493991
309,ELFN1,0,0.301265496
151,WNT16,0,0.300814006
134,CNTNAP2,1,0.299510552
643,BRI3,0,0.299419931
379,ACTB,0,0.297820898
288,GNAT3,0,0.297563944
721,RINT1,0,0.295534281
752,BPGM,0,0.295269139
803,AP4M1,0,0.295029259
569,ZNF12,0,0.294733736
486,NCAPG2,0,0.294185144
411,EIF3B,0,0.293694096
429,TAX1BP1,0,0.293510009
241,C7orf33,0,0.292359718
567,TMUB1,0,0.29166096
765,VKORC1L1,0,0.290977064
781,GPR141,0,0.290292668
434,SRRT,0,0.289602094
653,HSPB1,0,0.289447236
143,NXPH1,0,0.289013934
44,GLI3,0,0.288654674
40,NIPSNAP2,0,0.288639635
584,DDX56,0,0.288490561
615,PRKRIP1,0,0.288425029
265,TMEM196,0,0.28840946
92,SLC13A1,0,0.287990023
330,SPDYE5,0,0.287928173
111,SEMA3E,0,0.2877083
620,CASD1,0,0.286378507
547,SNX10,0,0.285769148
477,DLD,0,0.285474116
837,ZNF775,0,0.285363232
744,HUS1,0,0.285217737
843,GTF2IRD1,0,0.284758909
531,POR,0,0.284753719
527,COPS6,0,0.284595982
233,AGR3,0,0.284368249
731,BLVRA,0,0.284230462
722,GTPBP10,0,0.283621708
292,KLRG2,0,0.283258362
746,SAP25,0,0.282937576
724,C7orf26,0,0.282212611
866,FAM20C,0,0.282061903
221,ASB15,0,0.281829861
656,SLC25A13,0,0.281544233
132,TSPAN12,0,0.280483488
795,IL6,0,0.279983813
784,CREB5,0,0.279941402
33,ELN,0,0.279718338
121,ZPBP,0,0.279177648
11,CAMK2B,0,0.278926142
239,BHLHA15,0,0.278831605
419,GSTK1,0,0.278758418
698,XRCC2,0,0.278430185
711,ST7,0,0.278320766
766,PMS2,1,0.278185077
325,SPDYE2,0,0.277951799
833,EPHB4,0,0.276781969
742,PSMG3,0,0.276622602
662,RABGEF1,0,0.276432948
534,IMPDH1,0,0.276180389
470,INTS1,0,0.275026534
695,HOXA10,0,0.274680286
161,PPP1R9A,0,0.274639238
525,TES,0,0.274013733
720,MACC1,0,0.273832815
273,POM121L12,0,0.2733479
882,PODXL,0,0.273120185
563,ANKMY2,0,0.272745312
666,C1GALT1,0,0.272173806
821,PRRT4,0,0.271922601
590,BRAT1,0,0.271824475
93,SPAM1,0,0.271060134
516,TNS3,0,0.270696861
616,TAF6,0,0.27007665
402,NAMPT,0,0.269949518
726,EEPD1,0,0.269423873
764,WASL,0,0.269378594
441,ORAI2,0,0.269250185
528,FAM126A,0,0.269156778
195,FOXP2,0,0.268870819
213,C7orf57,0,0.268700226
585,RFC2,0,0.268659728
558,FIS1,0,0.268205977
442,OGDH,0,0.267966844
629,TBL2,0,0.267932631
301,TRIM74,0,0.26732538
303,NPSR1,0,0.267006787
756,PTCD1,0,0.266882118
660,DNAJB9,0,0.266814712
129,NACAD,0,0.266562339
745,CDK5,0,0.266370326
713,AGFG2,0,0.2660363
440,GIGYF1,0,0.265706351
481,GATAD1,0,0.265586571
719,C7orf25,0,0.265352498
871,ZNF425,0,0.265147479
548,SRPK2,0,0.264628685
815,TPK1,0,0.263447682
576,TBRG4,0,0.26342615
734,MRPS33,0,0.26339817
183,CFAP69,0,0.2631589
787,LRWD1,0,0.26309097
257,NYAP1,0,0.262499604
157,CYP2W1,0,0.262114969
706,CCDC71L,0,0.261855196
359,ANKRD61,0,0.261811531
230,AMZ1,0,0.261795229
436,ZNF655,0,0.26172418
493,KBTBD2,0,0.261592872
392,HIPK2,0,0.261508764
763,CCDC136,0,0.261396163
497,SLC25A40,0,0.261290136
368,URGCP-MRPS24,0,0.260716264
622,TMEM168,0,0.260518862
425,BAZ1B,0,0.26039073
839,AGR2,0,0.259950099
834,IMMP2L,0,0.259703421
500,WIPI2,0,0.259488635
279,UNCX,0,0.259469714
91,SHH,0,0.259402434
796,MRPS17,0,0.259232215
120,PPP1R17,0,0.259075979
409,MKRN1,0,0.258806036
807,PLXNA4,0,0.258168517
696,AEBP1,0,0.258027524
443,CYP51A1,0,0.257915716
428,REPIN1,0,0.257365811
431,KCNH2,0,0.257339093
420,MDH2,0,0.257196461
465,CUL1,0,0.257097536
484,CLIP2,0,0.256847291
672,ZNF746,0,0.256708851
456,ZMIZ2,0,0.256350365
138,STEAP1,0,0.256152387
453,NUP205,0,0.256101183
692,KCTD7,0,0.255943365
504,CLEC5A,0,0.255640234
664,MICALL2,0,0.255424938
106,SGCE,0,0.255087678
510,ANLN,0,0.254936183
388,YWHAG,0,0.254763908
614,NDUFA4,0,0.254380429
458,CCT6A,0,0.253323965
700,EPHB6,0,0.252938975
466,UBE3C,0,0.252914261
357,ZNF783,0,0.252855694
418,GNB2,0,0.252661269
668,NOM1,0,0.25229735
704,NDUFB2,0,0.251316163
768,ARL4A,0,0.251302658
341,SPDYE6,0,0.250852956
83,PRSS2,0,0.250833372
400,PTPN12,0,0.25061329
282,CTAGE6,0,0.249739052
491,MKLN1,0,0.249328613
865,SCIN,0,0.249316856
430,ZKSCAN1,0,0.249041655
811,AIMP2,0,0.248936383
460,VPS41,0,0.248331734
846,FAM221A,0,0.248314777
479,PURB,0,0.248020803
16,COL1A2,0,0.247650184
245,PRPS1L1,0,0.247448274
155,TAS2R5,0,0.247257339
347,CTAGE4,0,0.247013429
32,EGFR,0,0.246775736
858,VWDE,0,0.246751756
19,CLDN4,0,0.246130627
758,ITGB8,0,0.245105183
459,ARF5,0,0.245071851
596,CHCHD3,0,0.245018809
78,PIP,0,0.244314499
351,ZNF316,0,0.244290947
489,TOMM7,0,0.244218661
879,PGAM2,0,0.244145453
881,KIAA0895,0,0.244141663
112,TCAF1,0,0.243630321
601,CYCS,0,0.243558361
566,FOXK1,0,0.243136536
517,SUN1,0,0.24285303
211,KLF14,0,0.242288438
542,MEST,0,0.241939968
467,RAC1,0,0.24190822
824,STAG3,0,0.241766005
571,BUD31,0,0.241537836
475,GNA12,0,0.241329017
398,CREB3L2,0,0.241207212
663,POLM,0,0.241146832
89,CCL24,0,0.241048091
312,GRID2IP,0,0.241004634
694,TMEM176A,0,0.240839855
255,TMEM130,0,0.240805413
727,NAPEPLD,0,0.240578028
841,FAM3C,0,0.239883926
328,ZNF727,0,0.239522523
358,SPDYE2B,0,0.239170324
508,DPY19L1,0,0.23879631
37,EVX1,0,0.238425447
562,PDAP1,0,0.238409599
603,CNOT4,0,0.238395489
263,HEPACAM2,0,0.238182449
181,GAL3ST4,0,0.237926397
578,AGAP3,0,0.237702256
640,ATXN7L1,0,0.237096121
353,CTAGE8,0,0.236792803
876,HOXA5,0,0.236047048
361,LRRC72,0,0.235769923
167,ANKRD7,0,0.235674429
549,LMBR1,0,0.235478246
210,PRSS37,0,0.23544644
679,LSM5,0,0.23521758
227,C7orf77,0,0.234955475
650,RSBN1L,0,0.234862215
658,GNAI1,0,0.234763077
251,PRR15,0,0.23451482
506,LIMK1,0,0.234354561
478,PILRA,0,0.234077518
635,SLC12A9,0,0.23397174
485,CHCHD2,0,0.233804563
809,RPA3,0,0.233561519
445,TNPO3,0,0.233496466
5,AMPH,0,0.23299213
818,ZNF736,0,0.232913623
732,ZC3HAV1L,0,0.232768238
46,GPR22,0,0.232454477
688,HIBADH,0,0.232032125
537,POLD2,0,0.232021298
844,SH2B2,0,0.2320087
128,PEG10,0,0.231946585
751,POP7,0,0.231934757
521,NUDCD3,0,0.231861476
450,DMTF1,0,0.23166196
401,HIP1,0,0.231195088
598,GSAP,0,0.230979123
783,LANCL2,0,0.230968548
413,TTYH3,0,0.23089662
777,PRKAR1B,0,0.230797005
685,GLCCI1,0,0.229767414
193,CADPS2,0,0.229757132
65,MEOX2,0,0.229494673
556,DNAJB6,0,0.22928591
36,ETV1,0,0.228557811
427,TSC22D4,0,0.228380007
244,ZNF804B,0,0.228290885
372,SPDYE16,0,0.227807285
335,WIPF3,0,0.227580969
856,CAV2,0,0.227535451
524,SSBP1,0,0.227398009
249,VSTM2A,0,0.227210113
697,UPP1,0,0.227052599
463,ELMO1,0,0.226791857
686,RHEB,0,0.226778308
344,TMEM229A,0,0.226367872
116,RASA4,0,0.226162234
145,ATP6V0A4,0,0.22614153
637,PRKAG2,0,0.225835981
536,HBP1,0,0.225831682
741,PUS7,0,0.225409377
87,PTPRZ1,0,0.225399469
793,MALSU1,0,0.225123461
107,DGKI,0,0.225114747
8,OPN1SW,0,0.225028909
242,TMEM184A,0,0.224849605
712,MPLKIP,0,0.224605519
124,POU6F2,0,0.224541877
408,RBM33,0,0.224346592
403,TNRC18,0,0.223860066
557,BCL7B,0,0.223630224
702,TMEM60,0,0.22307849
99,ZAN,0,0.222940048
800,DUS4L,0,0.222744269
426,SUMF2,0,0.222732462
139,DENND2A,0,0.222704273
587,FIGNL1,0,0.222597401
725,CLDN12,0,0.222392105
246,SP8,0,0.222164621
659,MRPS24,0,0.221910467
48,GPR37,0,0.221839739
822,PTPRN2,0,0.221747545
81,PPP1R3A,0,0.22115255
51,MNX1,0,0.220873098
683,URGCP,0,0.220845362
623,GGCT,0,0.220773291
701,ICA1,0,0.220569911
487,TFR2,0,0.220434395
790,ALKBH4,0,0.220367505
529,COG5,0,0.220280629
729,GIMAP2,0,0.220219677
792,DTX2,0,0.220084616
163,RADIL,0,0.220032402
740,ZNF789,0,0.220024922
532,STARD3NL,0,0.219977708
267,SUN3,0,0.219915136
201,TRIM50,0,0.219874098
852,PCOLCE,0,0.219600679
77,PHKG1,0,0.219529491
381,CD36,0,0.218887141
518,RNF216,0,0.218512307
482,PIK3CG,0,0.218356942
613,TMEM209,0,0.218187734
154,LSM8,0,0.218084672
850,ADAM22,0,0.217595419
703,CLDN15,0,0.217501102
15,CLCN1,0,0.217361424
56,HOXA6,0,0.217119731
842,FZD1,0,0.217116982
680,NDUFA5,0,0.216980299
636,COX19,0,0.216746154
324,SPDYE3,0,0.216598292
630,PEX1,0,0.216432834
825,ZNF786,0,0.216408809
433,CBX3,0,0.216323573
374,UPK3B,0,0.216067435
100,WNT2,0,0.215769275
588,ZNRF2,0,0.215301324
715,ZC3HC1,0,0.215095764
862,RNF32,0,0.214998213
101,MTERF1,0,0.214804579
814,SMO,0,0.214722025
75,ABCB1,0,0.214679631
389,EIF2AK1,0,0.214667863
786,FAM200A,0,0.21462507
293,GJC3,0,0.214599336
507,UBN2,0,0.214577289
553,BCAP29,0,0.21449756
883,COL26A1,0,0.214338843
631,PAXIP1,0,0.21414735
296,TRIM73,0,0.214090072
801,STX1A,0,0.214004697
754,ORC5,0,0.213907117
469,EXOC4,0,0.213855076
71,PAX4,0,0.213828602
748,KIAA1549,0,0.213819957
360,MTRNR2L6,0,0.21378203
272,STEAP2,0,0.213537266
739,FAM220A,0,0.213093139
216,ASB10,0,0.213002558
177,GALNT17,0,0.212792496
225,FMC1,0,0.212792496
594,PNPLA8,0,0.212742135
551,IFRD1,0,0.212480191
393,LEP,0,0.212440552
150,CPA4,0,0.212302669
117,LRRC17,0,0.212254647
581,CRCP,0,0.211918493
9,CACNA2D1,0,0.21189321
327,CTAGE15,0,0.211809337
192,MGAM2,0,0.211710223
776,GPR85,0,0.211684848
602,WDR91,0,0.211677007
438,DBNL,0,0.21141061
716,CEP41,0,0.21117651
634,ZNF394,0,0.211049476
322,UFSP1,0,0.211042422
642,ZNF277,0,0.210854412
80,PON3,0,0.210791171
848,ZCWPW1,0,0.210737045
41,GBX1,0,0.21060786
628,GIMAP6,0,0.210318009
873,ARHGEF5,0,0.210279415
736,USP42,0,0.210246157
232,VPS37D,0,0.209565977
654,CPSF4,0,0.209161967
639,SNX8,0,0.209109215
319,KPNA7,0,0.209083921
10,CALCR,0,0.209068525
638,NFE2L3,0,0.208749626
624,MIOS,0,0.208312312
675,KLHL7,0,0.208077568
589,POM121,0,0.208060293
544,BZW2,0,0.208007568
43,GHRHR,0,0.20778733
175,NEUROD6,0,0.207682209
21,CRHR2,0,0.207554607
42,GCK,0,0.207239779
204,TMEM139,0,0.207138479
868,ZP3,0,0.206796682
607,TRIM56,0,0.206725582
156,LRRN3,0,0.206587163
579,SMARCD3,0,0.206490341
104,FZD9,0,0.206379428
767,ZNF273,0,0.206295029
321,GRIFIN,0,0.206077195
870,CALN1,0,0.205772535
832,GIMAP5,0,0.205717691
217,PRSS58,0,0.205594485
608,SMURF1,0,0.205589817
733,CROT,0,0.205028921
860,GPC2,0,0.204886807
212,SSMEM1,0,0.204572909
687,FKBP9,0,0.204479427
149,MLXIPL,0,0.204371502
626,ZNF282,0,0.204281552
880,PVRIG,0,0.204111817
98,VIPR2,0,0.203933206
806,KRBA1,0,0.20388704
405,GPNMB,0,0.20386566
577,POM121C,0,0.20376168
791,ZBED6CL,0,0.203694405
476,AOAH,0,0.203631084
753,RBM48,0,0.203518294
565,C7orf50,0,0.203132756
717,IQCE,0,0.203087129
407,GUSB,0,0.202929342
38,FLNC,0,0.202867665
799,NME8,0,0.202844704
410,EIF4H,0,0.202680541
580,SEC61G,0,0.20233486
449,TRA2A,0,0.202283471
142,FSCN3,0,0.202079222
503,MDFIC,0,0.202017211
88,RARRES2,0,0.201500659
575,PILRB,0,0.201448205
474,SAMD9,0,0.201352419
258,SLC29A4,0,0.201252553
600,TMEM120A,0,0.201211664
253,FBXL13,0,0.20120167
30,DPP6,0,0.201139343
152,ACTL6B,0,0.201093944
277,ATG9B,0,0.201071436
299,LHFPL3,0,0.200470221
835,ACTR3B,0,0.200468386
446,KDELR2,0,0.200252388
72,PDE1C,0,0.200097784
337,ACTR3C,0,0.200048604
554,AVL9,0,0.199911398
268,FAM133B,0,0.19990112
28,DLX6,0,0.199529223
690,BET1,0,0.198777558
492,ANKIB1,0,0.198508181
682,THAP5,0,0.198421615
57,HOXA7,0,0.198084573
669,DNAJC2,0,0.197871126
60,HTR5A,0,0.197776447
644,ZKSCAN5,0,0.197758729
535,SLC35B4,0,0.19761591
110,FAM131B,0,0.197422949
356,TMEM225B,0,0.197234115
406,LAT2,0,0.196997475
248,MMD2,0,0.196814252
769,METTL2B,0,0.196368204
189,FAM71F1,0,0.196304955
709,COPG2,0,0.196295221
63,KCND2,0,0.196040671
676,STK17A,0,0.196008402
3,ADCY1,0,0.195945881
135,OR2F1,0,0.195541555
432,SCRN1,0,0.195528135
275,SPDYE1,0,0.195327128
770,NSUN5,0,0.195304947
199,OR9A4,0,0.195271777
864,PAPOLB,0,0.19509075
103,TFPI2,0,0.195069287
1,AOC1,0,0.194568027
568,TRIM4,0,0.194526484
574,ASL,0,0.194469891
499,NUB1,0,0.194419712
591,AP1S1,0,0.193584255
599,MAD1L1,0,0.19340718
454,OSBPL3,0,0.193134039
252,SRRM3,0,0.192932463
513,YKT6,0,0.192731929
755,FKBP14,0,0.192686927
794,TPST1,0,0.192580709
69,NPY,0,0.192355541
66,MET,0,0.192110416
761,KIAA1324L,0,0.191633634
53,HOXA2,0,0.191571727
338,OCM,0,0.191525614
708,TECPR1,0,0.191004578
229,CRYGN,0,0.190914876
105,FKBP6,0,0.19081133
160,TRPV6,0,0.190599846
339,RSPH10B2,0,0.190544873
774,FBXL18,0,0.189918876
710,ZNF92,0,0.189836531
287,OR2A1,0,0.18947288
424,LRCH4,0,0.189447722
326,AKR1B15,0,0.189261571
543,NT5C3A,0,0.189188852
810,SLC37A3,0,0.188909901
276,TCAF2,0,0.188856612
354,RASA4B,0,0.188849436
264,MBLAC1,0,0.188782062
94,AKR1D1,0,0.188723004
289,MOGAT3,0,0.188633225
750,HDAC9,0,0.188535682
705,PPP1R35,0,0.188488779
259,RSPH10B,0,0.188289878
652,KEL,0,0.188020887
885,PCLO,0,0.187883277
174,MYL7,0,0.187761349
271,TAS2R41,0,0.187713483
780,SVOPL,0,0.187698241
305,GTF2IRD2B,0,0.187672454
331,LMOD2,0,0.187605607
12,SEPTIN7,0,0.187526496
26,GSDME,0,0.187526496
39,GARS1,0,0.187526496
109,ATP5MF,0,0.187526496
122,NUP42,0,0.187526496
159,MAP11,0,0.187526496
162,VPS50,0,0.187526496
169,YAE1,0,0.187526496
172,DENND11,0,0.187526496
180,CYREN,0,0.187526496
196,H2AZ2,0,0.187526496
203,LLCFC1,0,0.187526496
209,SSU72P8,0,0.187526496
237,CDC14C,0,0.187526496
260,ITPRID1,0,0.187526496
284,SEPTIN14,0,0.187526496
294,CASTOR3,0,0.187526496
304,NUPR2,0,0.187526496
315,SMIM30,0,0.187526496
336,STMP1,0,0.187526496
343,CRPPA,0,0.187526496
348,ATP6V1FNB,0,0.187526496
349,EFCAB10,0,0.187526496
350,SPATA48,0,0.187526496
363,ATP5MF-PTCD1,0,0.187526496
364,INMT-MINDY4,0,0.187526496
366,TCAF2C,0,0.187526496
370,SPDYE11,0,0.187526496
371,FMC1-LUC7L2,0,0.187526496
373,SPDYE17,0,0.187526496
375,UPK3BL2,0,0.187526496
376,FAM237B,0,0.187526496
377,H2BE1,0,0.187526496
378,CCDC201,0,0.187526496
108,ASIC3,0,0.18746099
297,NAT16,0,0.187441919
775,ABCB8,0,0.187389339
207,OR6B1,0,0.187101025
779,CPED1,0,0.186484265
391,ESYT2,0,0.186186253
439,SKAP2,0,0.18605713
384,MYO1G,0,0.186040889
64,LAMB1,0,0.185564556
61,IGFBP1,0,0.185504881
74,SLC26A4,0,0.185341403
70,OCM2,0,0.184933073
498,CDCA7L,0,0.184863376
291,STRA8,0,0.184684342
749,MAFK,0,0.184161106
306,FEZF1,0,0.183876389
665,AKR1B1,0,0.183866543
290,FAM71F2,0,0.183749454
332,ARHGEF35,0,0.183571527
849,PLEKHA8,0,0.183223733
7,AZGP1,0,0.183136257
462,SLC4A2,0,0.182466419
667,THSD7A,0,0.182381893
813,LRRC61,0,0.182359746
582,AHCYL2,0,0.182267197
605,ZNF107,0,0.182224674
828,WDR86,0,0.182015054
148,TAS2R16,0,0.181899289
677,TRIP6,0,0.181893966
228,TMEM213,0,0.181842583
127,HECW1,0,0.181478338
205,NOBOX,0,0.181352546
194,CPA5,0,0.181214439
511,TMEM176B,0,0.181067378
778,HGF,0,0.181028457
592,STRIP2,0,0.18094408
256,FERD3L,0,0.180820626
762,ZFAND2A,0,0.180641254
79,PON1,0,0.180585225
329,OR2A2,0,0.180433867
49,GRM3,0,0.1803775
831,CCZ1,0,0.179891789
461,FSCN1,0,0.178825501
300,KCP,0,0.178764415
333,WEE2,0,0.178740114
816,BBS9,0,0.178718897
546,NOD1,0,0.178621286
845,PDK4,0,0.178214327
501,ZNF117,0,0.178183968
728,ADCK2,0,0.177698196
144,ERVW-1,0,0.177648731
234,GALNTL5,0,0.177463764
655,CARD11,0,0.177160389
383,ZYX,0,0.176985956
50,GRM8,0,0.176933881
505,GTF2I,0,0.176654034
863,ZNF853,0,0.176594417
526,ADAP1,0,0.176417048
73,PDGFA,0,0.176350104
82,PRSS1,0,0.176342278
165,STK31,0,0.176310469
757,ARMC10,0,0.176271974
137,SLC13A4,0,0.175654797
523,HERPUD2,0,0.175518887
215,LRGUK,0,0.175422603
317,OR2A7,0,0.175347006
606,ZNF800,0,0.174979456
812,SEMA3C,0,0.174913303
280,COL28A1,0,0.174851795
198,TSGA13,0,0.174784668
76,ABCB4,0,0.174663871
25,DDC,0,0.174589561
24,DGKB,0,0.174258483
747,VOPP1,0,0.174190132
31,SLC26A3,0,0.174080091
618,GALNT11,0,0.174059213
830,CCZ1B,0,0.173730847
819,CCDC146,0,0.173494363
164,BAIAP2L1,0,0.173488413
17,CPA1,0,0.17343639
404,CALU,0,0.173303656
817,DNAJC30,0,0.172395954
633,FASTK,0,0.172285205
184,KDM7A,0,0.172258613
278,TAS2R60,0,0.172239887
853,EPHA1,0,0.172041071
231,METTL27,0,0.172017657
114,TRIL,0,0.172006931
836,GIMAP8,0,0.171915878
85,TAS2R38,0,0.171762888
136,FBXO24,0,0.171749056
399,PDIA4,0,0.171741917
86,PTN,0,0.171566227
808,PSPH,0,0.171468033
611,ASNS,0,0.17122483
707,CYTH3,0,0.170982684
657,LMTK2,0,0.170781348
545,TSPAN33,0,0.170766934
52,HOXA1,0,0.170494361
316,RAB19,0,0.17040188
18,CPA2,0,0.170021051
126,POMZP3,0,0.169958893
102,SEM1,0,0.16953337
597,ZNHIT1,0,0.169267123
681,MOSPD3,0,0.169256267
738,ZNF138,0,0.16871309
4,ADCYAP1R1,0,0.168699538
533,CBLL1,0,0.16866071
223,BMT2,0,0.168354395
771,ZNF212,0,0.168301623
564,SP4,0,0.16828678
285,OR6V1,0,0.168086669
471,TFEC,0,0.167985976
855,LRRC4,0,0.167978075
226,IQUB,0,0.167846067
788,TYW1,0,0.167768252
743,GPR146,0,0.167244483
691,ZNF680,0,0.166988189
118,RAMP3,0,0.166852879
872,TYW1B,0,0.166760486
621,ABCF2,0,0.16669309
520,SRI,0,0.16642295
188,MINDY4,0,0.166299425
218,SSC4D,0,0.165700323
55,HOXA4,0,0.165258982
414,FGL2,0,0.16514249
823,CALD1,0,0.165136992
220,MUC17,0,0.1650233
480,CHPF2,0,0.163290379
647,ZNF3,0,0.163278335
423,AKAP9,0,0.163031494
671,TMEM140,0,0.162669968
851,TTC26,0,0.162102683
298,SLC26A5,0,0.161623756
869,FAM185A,0,0.161240001
673,MRPL32,0,0.161126582
187,GTF2IRD2,0,0.160878187
550,JAZF1,0,0.16087804
464,CAPZA2,0,0.159945586
35,EPO,0,0.159859675
609,NCF1,0,0.159830279
387,ARPC1B,0,0.159673131
820,AUTS2,0,0.159509051
190,ZNF479,0,0.158300558
417,TBXAS1,0,0.158287052
452,RHBDD2,0,0.158090094
6,AQP1,0,0.157845054
559,EPDR1,0,0.157588982
829,ZSCAN21,0,0.157552585
254,CDHR3,0,0.157467261
730,ZNF398,0,0.157460286
661,ZSCAN25,0,0.157434998
166,TRPV5,0,0.156791691
789,TSPAN13,0,0.156400599
857,INHBA,0,0.15612655
699,COA1,0,0.155909679
54,HOXA3,0,0.155430994
560,RBAK,0,0.155307181
224,CLEC2L,0,0.155195657
283,AGBL3,0,0.154764491
247,SDK1,0,0.154240222
455,PHTF2,0,0.153765373
648,NUDT1,0,0.153716417
97,VGF,0,0.153608658
115,MUC12,0,0.153525195
760,AASS,0,0.153398399
320,C7orf61,0,0.153256438
202,OR9A2,0,0.153034036
243,TEX47,0,0.152778258
625,ERV3-1,0,0.151812501
451,SAMD9L,0,0.151620153
307,FAM180A,0,0.151542177
838,UBE2D4,0,0.1514353
365,GIMAP1-GIMAP5,0,0.15094606
185,OR2AE1,0,0.150931832
345,ZNF735,0,0.150074333
146,TAS2R3,0,0.150028196
651,WDR60,0,0.149920822
2,ACHE,0,0.149754252
645,STYXL1,0,0.149363414
782,ABCA13,0,0.149300867
171,TBX20,0,0.149171869
62,IGFBP3,0,0.148911212
84,RELN,0,0.148112576
269,TAS2R39,0,0.147859258
200,TMEM270,0,0.147736569
240,BMPER,0,0.146929791
369,CYP3A7-CYP3A51P,0,0.146837875
140,NPC1L1,0,0.146687241
147,TAS2R4,0,0.146605782
670,ZNF862,0,0.146516478
804,C7orf31,0,0.146389628
14,CHRM2,0,0.145255561
802,ATP6V0E2,0,0.145127039
295,VWC2,0,0.145038789
342,UMAD1,0,0.145033652
878,NRCAM,0,0.144873026
397,PRKAR2B,0,0.144603647
130,COBL,0,0.143822302
133,SOSTDC1,0,0.143572866
583,ZDHHC4,0,0.14325706
875,CYP3A5,0,0.142583308
308,OR2A25,0,0.142544294
693,PARP12,0,0.142534299
367,RBAK-RBAKDN,0,0.142416166
313,OR2A5,0,0.142332122
153,ASB4,0,0.141547401
113,MAGI2,0,0.141522333
798,GIMAP1,0,0.141424683
119,CCL26,0,0.141405297
314,LRRD1,0,0.14105588
773,CNPY4,0,0.140623026
352,UPK3BL1,0,0.138564462
191,MYL10,0,0.138536405
68,NOS3,0,0.138339299
250,MTURN,0,0.137085826
141,MRM2,0,0.137078928
540,KLHDC10,0,0.135923035
522,PLOD3,0,0.135350181
123,INMT,0,0.135156662
318,OR2A42,0,0.133886843
573,LFNG,0,0.133151329
826,MGAM,0,0.131969557
310,AGMO,0,0.131406936
867,ZNF713,0,0.129728515
435,HILPDA,0,0.129685772
67,MUC3A,0,0.127265492
488,CPVL,0,0.126199627
214,MTPN,0,0.126121497
238,PKD1L1,0,0.124882053
421,CTTNBP2,0,0.124741677
125,LAMB4,0,0.123131742
20,CLDN3,0,0.122303057
874,GIMAP7,0,0.121685772
178,IFT22,0,0.120270904
158,DNAAF5,0,0.119672139
182,SUGCT,0,0.119105572
586,ARPC1A,0,0.118168577
208,OR2F2,0,0.117316799
206,OR2A14,0,0.112920936
759,DOCK4,0,0.112165984
604,CHST12,0,0.110331976
570,TMED4,0,0.110251071
286,OR2A12,0,0.105928475
186,RCC1L,0,0.096258624
340,CASTOR2,0,0.091629149
168,SDHAF3,0,0.090732585