Gene,class_rf_score,regression_prob,CGC_TS_status,TS_Gene_status,Elledge_TSG_Prob_LASSO,Jeremy_datamine,CDR_gene,exp_comb_score
VKORC1L1,113,0.290977064,0,0,0.031698962,1,0,NA
KCTD7,118,0.255943365,0,0,0.082455769,1,0,0.18486144
LRRC17,102,0.212254647,0,0,0.056205853,0,0,NA
POU6F2,117,0.224541877,0,1,0.056163663,0,0,NA
SP4,146,0.16828678,0,0,0.290516354,1,0,0.599717278
ATXN7L1,167,0.237096121,0,0,0.079441498,1,0,0.449330813
LUC7L2,200,0.34205531,0,0,0.875265445,1,1,1.07857891
IKZF1,199,0.528964234,1,1,0.029157148,1,0,NA
IGF2BP3,141,0.30350023,0,0,0.095843226,1,0,0.617221286
BHLHA15,199,0.278831605,0,0,0.086192498,0,0,NA
TNRC18,187,0.223860066,0,0,0.468676026,1,0,0.594055456
ZNF800,153,0.174979456,0,0,0.601578264,1,0,NA
ELFN1,102,0.301265496,0,0,0.237484676,0,0,NA
HOXA13,200,0.332405022,0,0,0.204537172,0,0,NA
AHR,200,0.396831454,0,1,0.234702314,1,0,1.019918213
ADCY1,100,0.195945881,0,0,0.004741684,0,0,NA
FLNC,115,0.202867665,0,0,0.052751022,0,0,NA
HECW1,100,0.181478338,0,0,0.033507595,0,0,NA
RASA4,131,0.226162234,0,0,NA,0,1,NA
RELN,101,0.148112576,0,0,0.05327978,0,0,NA
ZNF735,101,0.150074333,0,0,0.303074225,0,0,NA
ZNF862,100,0.146516478,0,0,0.015654974,1,0,NA
HEPACAM2,117,0.238182449,0,0,0.493387837,0,1,NA
PTPN12,162,0.25061329,0,1,0.343037468,1,0,0.703995103
ELN,117,0.279718338,0,0,0.031155042,0,0,NA
EIF2AK1,109,0.214667863,0,0,0.252832822,1,0,NA
LIMK1,184,0.234354561,0,0,0.192175526,1,0,0.751717934
TRIM4,101,0.194526484,0,0,0.052429955,1,0,0.767874707
VWC2,103,0.145038789,0,0,0.490161496,0,0,NA
ASL,101,0.194469891,0,0,0.231564323,1,0,NA
CPA1,101,0.17343639,0,0,0.056905374,0,0,NA
ACTB,200,0.297820898,0,0,0.025552925,1,0,NA
ANKRD7,160,0.235674429,0,0,0.733368517,0,0,NA
ATG9B,112,0.201071436,0,0,0.102365089,0,0,NA
CALN1,100,0.205772535,0,0,0.028154346,1,0,0.465998399
DENND2A,138,0.222704273,0,0,0.046318119,0,0,NA
GAL3ST4,102,0.237926397,0,0,0.06725261,0,0,NA
GNGT1,104,0.324602233,0,0,0.167674262,0,0,NA
HIP1,190,0.231195088,0,0,0.178914373,1,0,0.382235357
HNRNPA2B1,200,0.336953491,0,0,0.627181233,1,0,NA
JAZF1,133,0.16087804,0,0,0.058605753,1,0,0.463147599
MOSPD3,100,0.169256267,0,0,0.010126117,1,1,0.691633573
MTPN,111,0.126121497,0,0,0.103019588,0,0,NA
NPVF,100,0.368620133,0,0,0.018634935,0,0,NA
PPIA,199,0.339172416,0,0,0.178673127,1,0,0.736074364
RABGEF1,128,0.276432948,0,0,0.067605391,1,0,NA
RSPH10B2,101,0.190544873,0,0,0.169311406,0,0,NA
SEMA3C,186,0.174913303,0,0,0.106625864,1,0,0.972033662
SGCE,151,0.255087678,0,0,0.284676819,0,0,NA
TES,100,0.274013733,0,1,0.048108399,1,0,0.710732194
TMED4,100,0.110251071,0,0,0.069994547,1,0,0.540670884
UPK3B,100,0.216067435,0,0,0.070056039,0,0,NA
UPK3B,100,0.216067435,0,0,0.070056039,0,0,NA
YWHAG,192,0.254763908,0,0,0.14307733,1,0,0.596032814
ZNF277,100,0.210854412,0,0,0.012391121,1,0,0.764301298
ZP3,100,0.206796682,0,0,0.146683776,1,0,NA
DTX2,100,0.220084616,0,0,0.009872861,1,0,NA
DTX2,100,0.220084616,0,0,0.009872861,1,0,NA
GNAI1,100,0.234763077,0,0,0.483095141,1,0,NA
STK17A,100,0.196008402,0,0,0.476464557,1,0,0.617039454
VPS41,148,0.248331734,0,0,0.04769379,1,0,0.540665033
C1GALT1,107,0.272173806,0,0,0.313724873,1,0,0.983461938
CCZ1B,100,0.173730847,0,0,0.092255215,1,0,NA
GTF2IRD1,143,0.284758909,0,0,0.050900705,1,0,0.975079637
LMBR1,101,0.235478246,0,0,0.018704293,1,0,0.867809865
ALKBH4,101,0.220367505,0,0,0.046917165,1,0,0.828752644
BCAP29,101,0.21449756,0,0,0.52796867,1,0,NA
CEP41,139,0.21117651,0,0,0.074406239,1,0,0.60586419
DNAJB9,100,0.266814712,0,0,0.012216179,1,0,0.815681211
GIMAP2,100,0.220219677,0,0,0.191081401,1,0,0.703020644
KRIT1,101,0.311067927,0,1,0.26269862,1,0,0.546496549
LRCH4,100,0.189447722,0,0,0.01012884,1,1,NA
PLOD3,129,0.135350181,0,0,0.210628047,1,1,0.834884349
POLD2,197,0.232021298,0,0,0.168939556,1,0,0.51700063
ZDHHC4,101,0.14325706,0,0,0.282824616,1,0,NA
ZNF92,100,0.189836531,0,0,0.050591927,1,0,NA
AGK,109,0.376224989,0,0,0.01118012,1,0,0.537132483
AGK,109,0.376224989,0,0,0.01118012,1,0,0.537132483
ZNF467,120,0.35044699,0,0,0.15336436,1,0,NA
EN2,104,0.411818517,0,0,0.152047139,0,0,NA
AP5Z1,101,0.331058653,0,0,0.048236435,1,0,NA
SEMA3D,100,0.342859683,0,0,0.111832669,0,0,NA
TAS2R40,100,0.340098346,0,0,0.28885518,0,0,NA
CASP2,183,0.39474487,0,1,0.063889394,1,0,0.569289397
ZNF716,102,0.323545578,0,0,0.366888751,0,0,NA
ZNF679,104,0.351143952,0,0,0.0385292,0,0,NA
BPGM,198,0.295269139,0,0,0.148850237,1,0,NA
LSMEM1,101,0.35236501,0,0,0.129989472,1,0,NA
TAC1,101,0.366543064,0,0,0.029153024,0,0,NA
NME8,100,0.202844704,0,0,0.357630821,0,0,NA
STARD3NL,100,0.219977708,0,0,0.054142861,0,0,NA
AP4M1,108,0.295029259,0,0,0.421826054,1,0,0.864484651
CUX1,172,0.317674858,1,1,0.47999169,1,1,1.51484634
EEPD1,103,0.269423873,0,0,0.035802934,0,0,NA
PEG10,191,0.231946585,0,0,0.187889946,0,0,NA
TRIM50,135,0.219874098,0,0,0.053352959,0,0,NA
FAM20C,183,0.282061903,0,0,0.072820338,0,0,NA
FAM20C,183,0.282061903,0,0,0.072820338,0,0,NA
FAM20C,183,0.282061903,0,0,0.072820338,0,0,NA
FAM20C,183,0.282061903,0,0,0.072820338,0,0,NA
FIS1,146,0.268205977,0,0,0.022426597,0,1,0.735147169
SLC4A2,130,0.182466419,0,0,0.078583204,0,0,NA
KEL,100,0.188020887,0,0,0.006127582,0,0,NA
KEL,100,0.188020887,0,0,0.006127582,0,0,NA
CAV1,104,0.321124601,0,1,0.183123005,0,0,NA
PAX4,100,0.213828602,0,1,0.004633529,0,0,NA
IMPDH1,100,0.276180389,0,0,0.011998539,0,0,NA
ATP6V0A4,114,0.22614153,0,0,0.150862651,0,0,NA
CALD1,161,0.165136992,0,0,0.090970056,0,0,NA
CYP3A43,100,0.335203939,0,0,0.020624323,0,0,NA
DMTF1,100,0.23166196,0,1,0.027341657,0,0,NA
ELMO1,100,0.226791857,0,0,0.049539219,0,0,NA
EXOC4,149,0.213855076,0,0,0.047067093,0,0,NA
EZH2,200,0.578347064,1,1,0.069041124,1,1,NA
FGL2,100,0.16514249,0,0,0.040910036,0,0,NA
GRB10,147,0.38183231,0,0,0.036603833,1,0,0.132103453
GRM3,121,0.1803775,0,0,0.084270573,0,0,NA
HOXA1,100,0.170494361,0,0,0.003715972,0,0,NA
KDELR2,101,0.200252388,0,0,0.245928442,0,0,NA
KIAA0895,105,0.244141663,0,0,0.106404953,0,0,NA
MNX1,100,0.220873098,0,0,0.066008587,0,0,NA
NOD1,101,0.178621286,0,0,0.009544837,0,0,NA
NSUN5,100,0.195304947,0,0,0.011119683,0,0,NA
PDE1C,105,0.200097784,0,0,0.081707742,0,0,NA
PLXNA4,101,0.258168517,0,0,0.019384895,0,0,NA
POR,135,0.284753719,0,0,0.168866814,0,0,NA
RHEB,197,0.226778308,0,0,0.058872145,0,0,NA
SEMA3E,101,0.2877083,0,0,0.41963748,0,0,NA
TAF6,177,0.27007665,0,0,0.002866205,0,0,NA
TAS2R38,100,0.171762888,0,0,0.026044125,0,0,NA
TBRG4,190,0.26342615,0,0,0.541154908,0,0,NA
TRIM56,151,0.206725582,0,0,0.008487447,0,1,0.926710523
TTYH3,122,0.23089662,0,0,0.091751456,0,0,NA
ZCWPW1,101,0.210737045,0,0,0.049947383,0,1,NA
ZNF212,100,0.168301623,0,0,0.067786841,0,1,1.381961003
ZNF655,100,0.26172418,0,0,0.026097567,0,0,NA
WIPI2,104,0.259488635,0,0,0.032170285,0,0,NA
CYP3A4,102,0.345404744,0,0,0.004425396,0,0,NA
TSC22D4,100,0.228380007,0,0,0.02696017,0,1,0.442014054
RP9,173,0.388194505,0,0,0.331706,0,0,NA
TSPAN13,102,0.156400599,0,1,0.50998809,0,0,NA
CHST12,100,0.110331976,0,0,0.003652168,0,0,NA
PRKAR2B,166,0.144603647,0,0,0.523889266,0,0,NA
PRKAR2B,166,0.144603647,0,0,0.523889266,0,0,NA
SNX8,101,0.209109215,0,0,0.016399159,0,0,NA
MEOX2,105,0.229494673,0,0,0.00595706,0,0,NA
IRF5,183,0.305346572,0,1,0.038136806,1,0,NA
BRAF,184,0.326089768,0,0,0.038299813,1,0,NA
GPER1,160,0.314183116,0,0,NA,0,0,NA
DNAJC30,102,0.172395954,0,0,0.061587436,1,0,0.815833871
PAXIP1,199,0.21414735,0,0,0.406088161,1,0,NA
TWIST1,196,0.304604151,0,0,0.659620892,0,0,NA
ZSCAN25,107,0.157434998,0,0,0.116401063,1,0,NA
STX1A,151,0.214004697,0,0,0.026736059,1,0,0.821540455
CHCHD3,199,0.245018809,0,0,0.468632826,0,0,NA
ZC3HAV1,154,0.378077326,0,0,0.037858279,1,1,NA
FASTK,100,0.172285205,0,0,0.021482455,0,0,NA
GCK,105,0.207239779,0,0,0.002799462,0,0,NA
GBX1,180,0.21060786,0,0,0.018193987,0,0,NA
FERD3L,100,0.180820626,0,0,0.174313207,0,0,NA
PTCD1,178,0.266882118,0,0,0.042873865,1,0,0.650206149
DLX6,100,0.199529223,0,0,0.040456517,0,0,NA
SMO,197,0.214722025,0,0,0.094720919,1,0,0.513701032
EVX1,140,0.238425447,0,0,0.023625311,0,0,NA
GNA12,100,0.241329017,0,0,0.032563865,0,0,NA
PHKG1,139,0.219529491,0,0,0.025908419,0,0,NA
SPDYE1,106,0.195327128,0,0,0.131364443,0,0,NA
KLF14,200,0.242288438,0,0,0.099247066,0,0,NA
PRR15,100,0.23451482,0,0,0.307468659,0,0,NA
GNB2,182,0.252661269,0,0,0.122002242,0,1,1.010892486
NRF1,192,0.352804098,0,1,0.156527126,1,0,0.822912237
TMEM120A,124,0.201211664,0,0,0.108047401,1,0,1.148111085
ZNF777,122,0.333988434,0,0,0.004732746,1,0,NA
FBXO24,165,0.171749056,0,0,0.019948075,0,1,0.77308312
DLX5,188,0.381536956,0,0,0.060818456,0,0,NA
FSCN3,178,0.202079222,0,0,0.029481819,0,0,NA
ETV1,135,0.228557811,0,0,0.008365068,0,0,NA
CLDN15,116,0.217501102,0,0,0.121141309,1,1,1.040368801
SPDYE2,198,0.277951799,0,0,NA,0,0,NA
MMD2,144,0.196814252,0,0,0.030265267,0,0,NA
CUL1,200,0.257097536,0,1,0.311412338,0,1,0.811704874
ZNF12,149,0.294733736,0,0,0.635404425,1,0,0.745972561
UNCX,112,0.259469714,0,0,0.316112665,0,0,NA
ANKIB1,116,0.198508181,0,0,0.261716456,0,0,NA
C7orf50,200,0.203132756,0,0,0.714320312,0,0,NA
COPG2,111,0.196295221,0,0,0.186544904,0,0,NA
KMT2C,200,0.403741209,1,1,0.969505436,1,1,NA
NUP205,175,0.256101183,0,0,0.241634041,1,0,0.135708642
PHF14,159,0.359136279,0,0,0.413914777,1,0,0.889989087
UBN2,127,0.214577289,0,0,0.214178352,0,1,0.836712992
ABCB1,136,0.214679631,0,0,0.050987026,0,0,NA
POM121L12,100,0.2733479,0,0,0.001934718,0,0,NA
AOC1,106,0.194568027,0,0,NA,0,0,NA
CTAGE4,194,0.247013429,0,0,NA,0,0,NA
CTAGE4,194,0.247013429,0,0,NA,0,0,NA
ESYT2,119,0.186186253,0,0,0.02002433,0,0,NA
GIGYF1,190,0.265706351,0,0,0.17523908,0,1,NA
GPC2,116,0.204886807,0,0,0.068834177,0,1,0.426941888
GPR22,100,0.232454477,0,0,0.028894634,0,0,NA
GPR22,100,0.232454477,0,0,0.028894634,0,0,NA
KIAA1549,102,0.213819957,0,0,0.02298603,0,1,1.029786984
OCM2,100,0.184933073,0,0,0.039699121,0,0,NA
USP42,100,0.210246157,0,0,0.014310616,0,0,NA
ZNF425,100,0.265147479,0,0,0.00929761,0,1,0.948513854
PPP1R9A,122,0.274639238,0,0,0.174725556,0,0,NA
ZNF107,100,0.182224674,0,0,0.215785503,0,0,NA
BBS9,111,0.178718897,0,0,0.078064012,0,0,NA
DPY19L1,102,0.23879631,0,0,0.062879918,0,0,NA
INTS1,136,0.275026534,0,0,0.059399174,0,0,NA
KBTBD2,100,0.261592872,0,0,0.133951485,0,0,NA
LRRD1,100,0.14105588,0,0,0.08601974,0,0,NA
PRRT4,106,0.271922601,0,0,0.051966193,0,0,NA
RBAK,103,0.155307181,0,0,0.014707033,0,0,NA
TECPR1,199,0.191004578,0,0,0.749089942,0,0,NA
TMEM178B,101,0.314208018,0,0,NA,0,0,NA
ZAN,100,0.222940048,0,0,0.01618041,0,0,NA
ZNRF2,103,0.215301324,0,0,0.067402128,0,0,NA
NACAD,143,0.266562339,0,0,0.037010491,0,0,NA
ZNF746,100,0.256708851,0,0,0.036150875,0,0,NA
ZNF853,100,0.176594417,0,0,0.259389524,0,0,NA
ARHGEF5,100,0.210279415,0,0,0.017825608,0,1,NA
ARHGEF5,100,0.210279415,0,0,0.017825608,0,1,NA
C7orf57,100,0.268700226,0,0,0.273701201,0,0,NA
CNPY1,100,0.364302567,0,0,0.028039499,0,0,NA
COL1A2,186,0.247650184,0,0,0.018652548,0,0,NA
WEE2,100,0.178740114,0,0,0.02201368,0,0,NA
WEE2,100,0.178740114,0,0,0.02201368,0,0,NA
ZNF804B,100,0.228290885,0,0,0.038091319,0,0,NA
C7orf25,104,0.265352498,0,0,0.228769611,0,0,NA
CLCN1,100,0.217361424,0,0,0.030260381,0,0,NA
CLEC2L,100,0.155195657,0,0,0.018640472,0,1,1.035521403
SAMD9L,100,0.151620153,0,1,0.220726524,0,1,0.956774858
ZNF282,101,0.204281552,0,0,0.109228962,0,1,1.546248763
ABCB4,100,0.174663871,0,0,0.096590226,0,0,NA
ABCB8,100,0.187389339,0,0,0.018261617,0,0,NA
GLCCI1,104,0.229767414,0,0,0.075256355,0,0,NA
AASS,100,0.153398399,0,0,0.326031368,0,0,NA
ABCA13,100,0.149300867,0,0,0.057429418,0,0,NA
ABCB5,100,0.303109553,0,0,0.361411935,0,0,NA
ACTR3C,104,0.200048604,0,0,0.064223261,0,0,NA
ADAP1,131,0.176417048,0,0,0.027529627,0,0,NA
ADCYAP1R1,100,0.168699538,0,0,0.073706257,0,0,NA
AGMO,100,0.131406936,0,0,0.01224762,0,0,NA
AKR1B15,100,0.189261571,0,0,0.016284896,0,0,NA
ANKRD61,100,0.261811531,0,0,NA,0,0,NA
ARPC1A,100,0.118168577,0,0,0.010849587,0,0,NA
ASB15,100,0.281829861,0,0,0.352734499,0,0,NA
BAZ1B,116,0.26039073,0,0,0.11470464,0,0,NA
C7orf26,199,0.282212611,0,0,0.23036716,0,0,NA
C7orf31,100,0.146389628,0,0,0.082040691,0,0,NA
C7orf33,100,0.292359718,0,0,0.021159418,0,0,NA
C7orf61,100,0.153256438,0,0,0.304373415,0,1,0.501376713
CACNA2D1,108,0.21189321,0,0,0.449073362,0,0,NA
CADPS2,101,0.229757132,0,0,0.122162198,0,0,NA
CALU,100,0.173303656,0,0,0.087007163,0,0,NA
CARD11,100,0.177160389,0,0,0.010765729,1,0,0.575996553
CBLL1,193,0.16866071,0,0,0.151036607,0,0,NA
CCDC71L,109,0.261855196,0,0,0.093635033,0,0,NA
CCT6A,147,0.253323965,0,0,0.055234399,0,0,NA
CCZ1,100,0.179891789,0,0,0.286285033,0,0,NA
CDHR3,100,0.157467261,0,0,0.183723388,0,0,NA
CFTR,102,0.32391696,0,1,0.239609524,0,0,NA
CHN2,100,0.327635209,0,0,0.071260449,0,0,NA
CLIP2,177,0.256847291,0,0,0.106010987,0,0,NA
CNPY4,100,0.140623026,0,0,0.159642663,0,0,NA
CNTNAP2,100,0.299510552,1,1,0.027799919,0,1,1.087743259
CNTNAP2,100,0.299510552,1,1,0.027799919,0,1,1.087743259
COL28A1,100,0.174851795,0,0,0.002949029,0,0,NA
CTAGE15,125,0.211809337,0,0,NA,0,0,NA
CTAGE15,125,0.211809337,0,0,NA,0,0,NA
CTAGE8,190,0.236792803,0,0,NA,0,0,NA
CTTNBP2,100,0.124741677,0,0,0.033320126,0,0,NA
DGKI,108,0.225114747,0,0,0.113253402,0,0,NA
DNAH11,100,0.338873451,0,0,0.062328365,0,0,NA
DOCK4,100,0.112165984,0,0,0.144396574,0,0,NA
DPP6,112,0.201139343,0,0,0.082536151,0,0,NA
EIF3B,162,0.293694096,0,0,0.026693931,0,0,NA
FAM3C,107,0.239883926,0,0,0.199202612,0,0,NA
FEZF1,100,0.183876389,0,0,0.121297875,0,0,NA
FOXK1,128,0.243136536,0,0,0.062091242,0,0,NA
FZD1,100,0.217116982,0,0,0.036807506,0,0,NA
FZD9,103,0.206379428,0,0,0.015789744,0,0,NA
GALNT11,100,0.174059213,0,0,0.038400011,0,0,NA
GJC3,101,0.214599336,0,0,0.050347676,0,0,NA
GLI3,100,0.288654674,0,0,0.039219899,0,0,NA
GNAT3,100,0.297563944,0,0,0.098424591,0,0,NA
GRID2IP,100,0.241004634,0,0,0.020854507,0,0,NA
GRM8,100,0.176933881,0,0,0.011398016,0,0,NA
GSAP,100,0.230979123,0,0,0.116511791,0,0,NA
GTF2IRD2B,165,0.187672454,0,0,0.626520292,0,0,NA
HOXA3,100,0.155430994,0,0,0.297947419,0,0,NA
HOXA9,107,0.364157967,1,0,0.04124854,0,0,NA
IQCE,122,0.203087129,0,0,0.054485063,0,0,NA
KLHL7,100,0.208077568,0,0,0.039725,0,0,NA
KPNA7,100,0.209083921,0,0,0.07826472,0,0,NA
KPNA7,100,0.209083921,0,0,0.07826472,0,0,NA
LAMB1,115,0.185564556,0,0,0.161735011,0,0,NA
LAMB4,100,0.123131742,0,0,0.038417738,0,0,NA
LANCL2,100,0.230968548,0,0,0.007200502,0,0,NA
LMOD2,100,0.187605607,0,0,0.011243346,0,0,NA
LMTK2,100,0.170781348,0,0,0.028035058,0,0,NA
LRGUK,100,0.175422603,0,0,0.042559834,0,0,NA
LRRC72,102,0.235769923,0,0,NA,0,0,NA
MAD1L1,112,0.19340718,0,1,0.019688164,0,0,NA
MAGI2,100,0.141522333,0,0,0.16206791,0,0,NA
MET,105,0.192110416,0,0,0.13863096,0,0,NA
MGAM,100,0.131969557,0,0,0.055885277,0,0,NA
MGAM,100,0.131969557,0,0,0.055885277,0,0,NA
MICALL2,127,0.255424938,0,0,0.008760766,0,0,NA
MIOS,191,0.208312312,0,0,0.152623165,0,0,NA
MKLN1,107,0.249328613,0,0,0.396437914,0,0,NA
MLXIPL,100,0.204371502,0,0,0.04113641,0,0,NA
MTRNR2L6,100,0.21378203,0,0,NA,0,0,NA
MTRNR2L6,100,0.21378203,0,0,NA,0,0,NA
MUC12,100,0.153525195,0,0,0.049272474,0,0,NA
MUC17,100,0.1650233,0,0,0.011418171,0,0,NA
MYO1G,147,0.186040889,0,0,0.162184753,0,0,NA
NAPEPLD,100,0.240578028,0,1,0.216070917,0,0,NA
NAPEPLD,100,0.240578028,0,1,0.216070917,0,0,NA
NOS3,100,0.138339299,0,0,0.016316152,0,0,NA
NPC1L1,100,0.146687241,0,0,0.004694061,0,0,NA
NRCAM,100,0.144873026,0,1,0.090878406,0,0,NA
NUB1,100,0.194419712,0,0,0.230179405,0,0,NA
NYAP1,176,0.262499604,0,0,0.027331056,0,1,NA
OGDH,138,0.267966844,0,0,0.26903238,0,0,NA
ORC5,125,0.213907117,0,0,0.176621162,0,0,NA
OSBPL3,102,0.193134039,0,0,0.487487202,0,0,NA
PAPOLB,100,0.19509075,0,0,0.05509799,0,0,NA
PARP12,100,0.142534299,0,0,0.086683684,0,1,0.857271682
PKD1L1,100,0.124882053,0,0,0.084847201,0,0,NA
PNPLA8,100,0.212742135,0,0,0.054500442,0,0,NA
POLR2J2,194,0.319464782,0,0,0.090864829,0,0,NA
PPP1R3A,100,0.22115255,0,0,0.046249537,0,0,NA
PRPS1L1,100,0.247448274,0,0,0.019566989,0,0,NA
PTPRN2,100,0.221747545,0,0,0.008162959,0,0,NA
PTPRN2,100,0.221747545,0,0,0.008162959,0,0,NA
PTPRZ1,100,0.225399469,0,0,0.179445014,0,0,NA
RAB19,100,0.17040188,0,0,0.027408261,0,0,NA
RADIL,100,0.220032402,0,0,0.052179843,0,0,NA
RASA4B,109,0.188849436,0,0,0.280538058,0,0,NA
RBAK-RBAKDN,104,0.142416166,0,0,NA,0,0,NA
SAMD9,100,0.201352419,0,0,0.017981305,0,1,NA
SAP25,102,0.282937576,0,0,0.084216555,0,1,NA
SDK1,101,0.154240222,0,0,0.012483721,0,0,NA
SEMA3A,108,0.329262127,0,0,0.010971821,0,0,NA
SH2B2,100,0.2320087,0,0,0.018645376,0,1,0.699133256
SLC13A4,100,0.175654797,0,0,0.014943005,0,0,NA
SLC25A13,108,0.281544233,0,0,0.123981081,0,0,NA
SLC26A3,100,0.174080091,0,0,0.082107207,0,0,NA
SMKR1,101,0.346249295,0,0,NA,0,0,NA
SMURF1,137,0.205589817,0,0,0.159503878,0,0,NA
SMURF1,137,0.205589817,0,0,0.159503878,0,0,NA
SND1,104,0.324540425,0,0,0.15678009,1,0,0.702234064
SP8,100,0.222164621,0,0,0.307647596,0,0,NA
SPDYE2B,180,0.239170324,0,0,NA,0,0,NA
SPDYE3,100,0.216598292,0,0,0.022694668,0,1,NA
SPDYE5,190,0.287928173,0,0,0.060040338,0,0,NA
SPDYE6,175,0.250852956,0,0,0.189446307,0,0,NA
SRRM3,101,0.192932463,0,0,0.051380613,0,0,NA
SRRT,196,0.289602094,0,0,0.144469165,0,1,NA
STAG3,146,0.241766005,0,0,0.01030123,0,1,NA
STK31,100,0.176310469,0,0,0.104493609,0,0,NA
TAS2R39,100,0.147859258,0,0,0.043453491,0,0,NA
TAS2R4,100,0.146605782,0,0,0.025172184,0,0,NA
THSD7A,130,0.182381893,0,0,0.093355143,0,0,NA
TMEM168,143,0.260518862,0,0,0.114681869,0,0,NA
TMEM229A,110,0.226367872,0,0,0.572091014,0,0,NA
TNPO3,158,0.233496466,0,0,0.04689233,0,0,NA
TNS3,100,0.270696861,0,0,0.061761608,0,0,NA
TPST1,107,0.192580709,0,0,0.50714374,0,0,NA
TRIL,100,0.172006931,0,0,0.225351553,0,0,NA
TRIM24,157,0.441072541,1,1,0.07003207,0,1,1.439099269
TRIM73,168,0.214090072,0,0,0.225589527,0,0,NA
TRRAP,192,0.355721479,0,0,0.009459338,0,0,NA
TYW1B,100,0.166760486,0,0,0.143105973,0,0,NA
VGF,100,0.153608658,0,0,0.06717012,0,0,NA
VWDE,100,0.246751756,0,0,0.349579277,0,0,NA
WIPF3,124,0.227580969,0,0,0.206071581,0,0,NA
ZNF117,100,0.178183968,0,0,0.179504883,0,0,NA
ZNF117,100,0.178183968,0,0,0.179504883,0,0,NA
ZNF316,140,0.244290947,0,0,NA,0,0,NA
ZNF479,100,0.158300558,0,0,0.091048254,0,0,NA
ZNF727,100,0.239522523,0,0,0.312812768,0,0,NA
ZNF736,101,0.232913623,0,0,0.059019413,0,0,NA
ZNF775,102,0.285363232,0,0,0.123458927,0,0,NA
ZPBP,100,0.279177648,0,0,0.009800835,0,0,NA
MCM7,200,0.366852985,0,0,0.651405722,1,0,NA
TRIP6,106,0.181893966,0,0,0.059943837,1,1,0.506415212
PTN,103,0.171566227,0,0,0.426743713,0,0,NA
KMT2E,119,0.347745941,0,0,0.215083932,1,1,NA
NEUROD6,170,0.207682209,0,0,0.712097934,0,0,NA
AOAH,200,0.203631084,0,0,0.954678004,0,0,NA
CHPF2,101,0.163290379,0,0,0.194922144,0,0,NA
DYNC1I1,104,0.375806691,0,0,0.139075922,0,0,NA
GGCT,200,0.220773291,0,0,0.85292944,0,0,NA
GPR141,102,0.290292668,0,0,0.101318523,0,0,NA
GUSB,133,0.202929342,0,0,0.551819148,0,0,NA
HGF,191,0.181028457,0,0,0.633204087,0,0,NA
LAMTOR4,200,0.337039977,0,0,0.760247525,0,1,0.904364191
MDFIC,101,0.202017211,0,0,0.256526538,0,0,NA
MKRN1,199,0.258806036,0,0,0.774105125,0,0,NA
NAMPT,199,0.269949518,0,0,0.52430559,0,0,NA
NFE2L3,172,0.208749626,0,0,0.6972067,0,0,NA
PEX1,198,0.216432834,0,0,0.617130825,0,0,NA
PUS7,198,0.225409377,0,0,0.683124735,1,0,0.654907656
STEAP1B,173,0.33181263,0,0,0.61431107,0,0,NA
SUN1,100,0.24285303,0,0,0.389929868,0,0,NA
VSTM2A,101,0.227210113,0,0,0.288756524,0,0,NA
WNT16,200,0.300814006,0,0,0.8623313,0,0,NA
PON2,105,0.348780818,0,0,0.295248634,0,0,NA
FAM131B,174,0.197422949,0,0,0.049105974,0,0,NA
HOXA2,100,0.191571727,0,0,0.056886757,0,0,NA
AHCYL2,128,0.182267197,0,0,0.375770255,0,0,NA
CDK6,200,0.436633578,0,1,0.239447954,0,0,NA
EGFR,103,0.246775736,0,0,0.006172712,0,0,NA
FAM220A,100,0.213093139,0,0,0.040850759,0,0,NA
MRPS17,101,0.259232215,0,0,0.132407289,0,0,NA
RNF216,140,0.218512307,0,0,0.01401829,0,0,NA
SLC25A40,101,0.261290136,0,0,0.045267823,0,0,NA
TFEC,105,0.167985976,0,0,0.10494219,0,0,NA
TRPV6,100,0.190599846,0,0,0.010415922,0,0,NA
TRPV6,100,0.190599846,0,0,0.010415922,0,0,NA
AKR1B10,106,0.366647405,0,0,0.124379373,0,0,NA
DBF4,145,0.305982611,0,0,0.04255269,0,0,NA
ZC3HAV1L,109,0.232768238,0,0,0.034963902,1,1,0.812770198
BLVRA,188,0.284230462,0,0,0.112079417,0,0,NA
CDK14,132,0.369061549,0,0,0.065089258,0,0,NA
CREB5,122,0.279941402,0,0,0.419030074,1,0,0.720910844
CYP2W1,100,0.262114969,0,0,0.013873756,0,0,NA
HOXA10,184,0.274680286,0,0,0.131320882,1,0,0.801347703
ZNF783,113,0.252855694,0,0,0.072974974,0,1,0.829582936
PRSS58,100,0.205594485,0,0,0.101260907,0,0,NA
PRSS58,100,0.205594485,0,0,0.101260907,0,0,NA
PIP,100,0.244314499,0,0,0.157141083,0,0,NA
SPAM1,100,0.271060134,0,0,0.025170413,0,0,NA
TMEM213,100,0.181842583,0,0,0.124216092,0,0,NA
GIMAP8,100,0.171915878,0,0,0.017191155,0,0,NA
MOGAT3,101,0.188633225,0,0,0.043094794,0,0,NA
AGR2,100,0.259950099,0,0,0.074483448,0,0,NA
BCL7B,100,0.223630224,0,0,0.102222449,0,0,NA
CDK5,102,0.266370326,0,0,0.260055498,0,0,NA
FAM180A,100,0.151542177,0,0,0.066646372,0,0,NA
FOXP2,124,0.268870819,0,0,0.125848426,0,0,NA
GALNTL5,100,0.177463764,0,0,0.10353315,0,0,NA
HYAL4,103,0.449808978,0,0,0.007554701,0,0,NA
LRRN3,118,0.206587163,0,0,0.112016711,0,0,NA
MPP6,131,0.347821346,0,0,0.104955038,0,0,NA
PILRA,104,0.234077518,0,0,0.017763236,0,1,0.832169069
PILRB,102,0.201448205,0,0,0.264666148,0,1,0.862483545
RAMP3,100,0.166852879,0,0,0.028864676,0,0,NA
SMARCD3,100,0.206490341,0,0,0.067505783,0,0,NA
SVOPL,103,0.187698241,0,0,0.012764355,0,1,NA
TMEM106B,107,0.334177244,0,0,0.021110541,1,0,0.791694192
XRCC2,199,0.278430185,0,0,0.101295831,0,0,NA
ARF5,103,0.245071851,0,0,0.161685676,0,0,NA
HOXA5,100,0.236047048,0,0,0.305962486,0,0,NA
POMZP3,100,0.169958893,0,0,0.070147722,0,0,NA
POMZP3,100,0.169958893,0,0,0.070147722,0,0,NA
PRSS1,100,0.176342278,0,0,0.004996804,0,0,NA
PRSS1,100,0.176342278,0,0,0.004996804,0,0,NA
EPHB4,161,0.276781969,0,1,0.082016605,0,1,0.36178967
GPR37,100,0.221839739,0,0,0.011240771,0,0,NA
IL6,100,0.279983813,0,0,0.211682522,0,0,NA
SLC26A5,100,0.161623756,0,0,0.00957902,0,0,NA
CCL24,100,0.241048091,0,0,0.072508961,0,0,NA
CYP3A7,109,0.358780977,0,0,0.567380785,0,0,NA
EPO,100,0.159859675,0,0,0.009399594,0,1,NA
FAM71F1,100,0.196304955,0,0,0.118689189,0,0,NA
HOXA4,100,0.165258982,0,0,0.452890638,0,0,NA
HTR5A,100,0.197776447,0,0,0.005208198,0,0,NA
LEP,100,0.212440552,0,0,0.030462229,0,0,NA
OCM,100,0.191525614,0,0,0.087839394,0,0,NA
ORAI2,162,0.269250185,0,0,0.092820777,0,0,NA
PGAM2,100,0.244145453,0,0,0.027102677,0,0,NA
POLR2J,123,0.317457903,0,0,0.160032278,0,0,NA
PPP1R17,100,0.259075979,0,0,0.019371577,0,0,NA
PVRIG,100,0.204111817,0,0,0.151857878,0,1,NA
SFRP4,100,0.371027352,1,1,0.003534382,0,0,NA
UBE2D4,100,0.1514353,0,0,0.02223466,0,0,NA
ACTL6B,118,0.201093944,0,0,0.307652038,0,0,NA
AQP1,100,0.157845054,0,0,0.027359286,0,0,NA
CAV2,100,0.227535451,0,0,0.057077211,0,0,NA
CLEC5A,101,0.255640234,0,0,0.14935022,0,0,NA
GATAD1,102,0.265586571,0,0,0.045709981,0,0,NA
GHRHR,100,0.20778733,0,0,0.053088468,0,0,NA
GIMAP1,100,0.141424683,0,0,0.019766149,0,0,NA
HOXA6,137,0.217119731,0,0,0.103958277,0,0,NA
IGFBP3,100,0.148911212,0,1,0.035494442,0,0,NA
POM121,100,0.208060293,0,0,0.019708038,0,0,NA
PRSS37,100,0.23544644,0,0,0.018084121,0,0,NA
PURB,129,0.248020803,0,0,0.364328245,1,0,NA
SLC29A4,100,0.201252553,0,0,0.005123353,0,0,NA
ZFAND2A,101,0.180641254,0,0,0.102721623,0,0,NA
ACTR3B,100,0.200468386,0,0,0.02848761,0,0,NA
AEBP1,100,0.258027524,0,0,0.011831942,0,0,NA
ARL4A,161,0.251302658,0,0,0.251483305,0,0,NA
ASIC3,100,0.18746099,0,0,0.082871975,0,0,NA
FAM185A,103,0.161240001,0,0,0.074033535,0,0,NA
HOXA11,112,0.379179285,1,0,0.093265315,0,0,NA
MEST,100,0.241939968,0,0,0.06191115,0,0,NA
NPTX2,103,0.366093644,0,0,0.027592439,0,0,NA
PIK3CG,100,0.218356942,0,0,0.003955368,0,0,NA
SLC12A9,100,0.23397174,0,0,0.026007262,0,1,0.456422996
SSMEM1,100,0.204572909,0,0,0.024209519,0,0,NA
TBL2,124,0.267932631,0,1,0.009884459,0,0,NA
TMEM130,103,0.240805413,0,0,0.029173867,0,0,NA
VPS37D,182,0.209565977,0,0,0.500061737,0,0,NA
WDR91,100,0.211677007,0,0,0.017484495,0,0,NA
WNT2,112,0.215769275,0,0,0.024455148,0,0,NA
ZNF398,100,0.157460286,0,0,0.171382872,0,1,1.105932295
ZNF713,100,0.129728515,0,0,0.042198139,0,0,NA
BRI3,100,0.299419931,0,0,0.065664318,0,0,NA
CCDC136,199,0.261396163,0,1,0.532414334,0,0,NA
CLDN4,111,0.246130627,0,0,0.051287473,0,0,NA
FKBP6,100,0.19081133,0,0,0.083087842,0,0,NA
REPIN1,101,0.257365811,0,0,0.154613863,0,0,NA
SERPINE1,106,0.307843404,0,0,0.132874929,0,1,0.848281818
TMEM139,100,0.207138479,0,0,0.235214072,0,0,NA
WDR86,102,0.182015054,0,0,0.079660969,0,0,NA
ZMIZ2,100,0.256350365,0,0,0.226566809,0,0,NA
ZYX,114,0.176985956,0,1,0.058951957,0,0,NA
ZYX,114,0.176985956,0,1,0.058951957,0,0,NA
ABCF2,136,0.16669309,0,0,0.544932319,0,0,NA
ABCF2,136,0.16669309,0,0,0.544932319,0,0,NA
ABHD11,125,0.340873878,0,0,0.041069489,0,0,NA
ACHE,100,0.149754252,0,1,0.03844617,0,1,1.350573786
ADAM22,101,0.217595419,0,0,0.34911083,0,0,NA
ADCK2,100,0.177698196,0,0,0.005655825,0,0,NA
AGAP3,101,0.237702256,0,0,0.037696691,0,0,NA
AGBL3,114,0.154764491,0,0,0.213837894,0,0,NA
AGFG2,106,0.2660363,0,0,0.238135719,0,1,0.69555309
AGR3,108,0.284368249,0,0,0.074901689,0,0,NA
AIMP2,101,0.248936383,0,1,0.291181559,0,0,NA
AKAP9,101,0.163031494,0,0,0.452312014,0,0,NA
AKR1B1,103,0.183866543,0,1,0.144928172,0,0,NA
AKR1D1,100,0.188723004,0,0,0.072131654,0,0,NA
AMPH,110,0.23299213,0,0,0.26377361,0,0,NA
AMZ1,105,0.261795229,0,0,0.340227209,0,0,NA
ANKMY2,100,0.272745312,0,0,0.443784039,0,0,NA
ANLN,157,0.254936183,0,0,0.138455758,0,0,NA
AP1S1,200,0.193584255,0,0,0.803690905,0,1,NA
ARHGEF35,162,0.183571527,0,0,0.051710224,0,0,NA
ARHGEF35,162,0.183571527,0,0,0.051710224,0,0,NA
ARMC10,100,0.176271974,0,1,0.227847946,0,0,NA
ARMC10,100,0.176271974,0,1,0.227847946,0,0,NA
ARPC1B,101,0.159673131,0,0,0.042313781,0,0,NA
ASB10,100,0.213002558,0,0,0.020321325,0,0,NA
ASB4,100,0.141547401,0,0,0.024065524,0,0,NA
ASNS,100,0.17122483,0,0,0.021133461,0,0,NA
ASZ1,100,0.305948929,0,0,0.006632994,0,0,NA
ATP6V0E2,100,0.145127039,0,0,0.063349558,0,0,NA
ATP6V1F,131,0.318537181,0,0,0.065024437,0,0,NA
AUTS2,103,0.159509051,0,0,0.040869332,0,0,NA
AVL9,102,0.199911398,0,0,0.034254228,0,0,NA
AZGP1,100,0.183136257,0,1,0.084179485,0,0,NA
BAIAP2L1,100,0.173488413,0,0,0.003890062,0,0,NA
BET1,107,0.198777558,0,0,0.075631875,0,0,NA
BMPER,100,0.146929791,0,0,0.008106241,0,0,NA
BRAT1,101,0.271824475,0,0,0.04239287,0,0,NA
BUD31,121,0.241537836,0,0,0.158706492,0,0,NA
BZW2,121,0.208007568,0,0,0.113829204,0,0,NA
CALCR,100,0.209068525,0,0,0.048615375,0,0,NA
CAMK2B,107,0.278926142,0,0,0.231531513,0,0,NA
CAPZA2,100,0.159945586,0,0,0.094686033,0,0,NA
CASD1,101,0.286378507,0,0,0.084154893,0,0,NA
CBX3,135,0.216323573,0,0,0.22680478,0,0,NA
CCDC126,108,0.479474735,0,0,0.025844215,0,0,NA
CCDC146,100,0.173494363,0,0,0.200428094,0,0,NA
CCL26,100,0.141405297,0,0,0.11543268,0,0,NA
CCM2,101,0.351463662,0,0,0.259693001,1,0,0.77238535
CD36,100,0.218887141,0,0,0.019433174,0,0,NA
CDCA7L,109,0.184863376,0,0,0.492977369,0,0,NA
CDK13,187,0.36122136,0,0,0.234915057,0,0,NA
CHCHD2,113,0.233804563,0,0,0.214496094,0,0,NA
CHRM2,100,0.145255561,0,0,0.006767501,0,0,NA
CLDN12,100,0.222392105,0,0,0.005601656,0,0,NA
CLDN12,100,0.222392105,0,0,0.005601656,0,0,NA
CLDN3,100,0.122303057,0,0,0.061847156,0,0,NA
CNOT4,171,0.238395489,0,0,0.364476782,0,0,NA
COA1,100,0.155909679,0,0,0.131529959,0,0,NA
COBL,100,0.143822302,0,0,0.022417661,0,0,NA
COG5,126,0.220280629,0,0,0.086960373,0,0,NA
COG5,126,0.220280629,0,0,0.086960373,0,0,NA
COL26A1,107,0.214338843,0,0,0.057777227,0,1,0.483089296
COPS6,107,0.284595982,0,0,0.062738357,0,0,NA
COX19,157,0.216746154,0,0,0.410662492,0,0,NA
CPA2,100,0.170021051,0,0,0.06385901,0,0,NA
CPA4,102,0.212302669,0,0,0.223185006,0,0,NA
CPA5,100,0.181214439,0,0,0.086626465,0,0,NA
CPED1,100,0.186484265,0,0,0.088658842,0,0,NA
CPSF4,174,0.209161967,0,0,0.043316339,0,0,NA
CPVL,100,0.126199627,0,0,0.113384156,0,0,NA
CRCP,184,0.211918493,0,0,0.394057295,0,0,NA
CREB3L2,100,0.241207212,0,0,0.024640824,0,0,NA
CRHR2,104,0.207554607,0,0,0.013801181,0,0,NA
CROT,104,0.205028921,0,0,0.086655549,0,0,NA
CRYGN,100,0.190914876,0,0,0.050040668,0,0,NA
CTAGE6,101,0.249739052,0,0,0.069812978,0,0,NA
CTAGE6,101,0.249739052,0,0,0.069812978,0,0,NA
CYCS,117,0.243558361,0,0,0.021230939,0,0,NA
CYP3A5,100,0.142583308,0,0,0.046205828,0,0,NA
CYP51A1,100,0.257915716,0,0,0.182670475,0,0,NA
CYTH3,101,0.170982684,0,0,0.010696274,0,0,NA
DAGLB,103,0.333951794,0,0,0.099447028,0,0,NA
DBNL,100,0.21141061,0,0,0.173435706,0,0,NA
DDC,100,0.174589561,0,0,0.180012232,0,0,NA
DDX56,188,0.288490561,0,0,0.015283015,0,0,NA
DGKB,131,0.174258483,0,0,0.410375199,0,0,NA
DLD,166,0.285474116,0,0,0.024372006,0,0,NA
DNAJB6,100,0.22928591,0,0,0.030382724,0,0,NA
DNAJC2,183,0.197871126,0,0,0.215064994,0,0,NA
DUS4L,100,0.222744269,0,0,0.038717168,0,0,NA
DUS4L,100,0.222744269,0,0,0.038717168,0,0,NA
EIF4H,100,0.202680541,0,0,0.123431501,0,0,NA
EPDR1,100,0.157588982,0,0,0.12584648,0,0,NA
EPHA1,100,0.172041071,0,1,0.092186324,0,0,NA
EPHA1,100,0.172041071,0,1,0.092186324,0,0,NA
EPHB6,100,0.252938975,0,1,0.051385413,0,0,NA
EPHB6,100,0.252938975,0,1,0.051385413,0,0,NA
ERV3-1,100,0.151812501,0,0,0.094488809,0,0,NA
ERVW-1,101,0.177648731,0,0,0.252849623,0,0,NA
FAM126A,100,0.269156778,0,0,0.487940258,0,0,NA
FAM133B,105,0.19990112,0,0,0.279461821,0,0,NA
FAM200A,105,0.21462507,0,0,0.016842568,0,0,NA
FAM221A,101,0.248314777,0,0,0.046031265,0,0,NA
FAM71F2,100,0.183749454,0,0,0.04124451,0,0,NA
FBXL13,100,0.20120167,0,1,0.207945386,0,0,NA
FBXL18,100,0.189918876,0,0,0.051940821,0,0,NA
FIGNL1,100,0.222597401,0,0,0.193810237,0,0,NA
FKBP14,124,0.192686927,0,0,0.36853527,0,0,NA
FKBP9,100,0.204479427,0,0,0.103887556,0,0,NA
FSCN1,101,0.178825501,0,0,0.02902877,0,0,NA
GCC1,100,0.322246018,0,0,0.043817935,0,0,NA
GET4,194,0.356692517,0,0,0.061225417,0,0,NA
GIMAP4,101,0.324571811,0,0,0.007657113,0,0,NA
GIMAP5,100,0.205717691,0,0,0.278820055,0,0,NA
GIMAP6,100,0.210318009,0,0,0.021141235,0,0,NA
GIMAP7,100,0.121685772,0,0,0.072774493,0,0,NA
GNG11,105,0.398519119,0,0,0.033939557,0,0,NA
GPNMB,100,0.20386566,0,0,0.01685754,0,0,NA
GPR146,100,0.167244483,0,0,0.059283584,0,0,NA
GPR85,100,0.211684848,0,0,0.143077243,0,0,NA
GSTK1,100,0.278758418,0,0,0.058068941,0,0,NA
GTF2I,100,0.176654034,0,0,0.209093936,0,0,NA
GTF2IRD2,100,0.160878187,0,0,0.308142116,0,0,NA
GTPBP10,111,0.283621708,0,0,0.024956076,0,0,NA
HBP1,101,0.225831682,0,1,0.051509942,0,0,NA
HBP1,101,0.225831682,0,1,0.051509942,0,0,NA
HDAC9,100,0.188535682,0,0,0.174572815,0,0,NA
HERPUD2,100,0.175518887,0,0,0.304843841,0,0,NA
HIBADH,100,0.232032125,0,0,0.075422279,0,0,NA
HILPDA,100,0.129685772,0,0,0.062057246,0,0,NA
HIPK2,118,0.261508764,0,1,0.133894632,0,1,0.849389308
HOXA7,117,0.198084573,0,0,0.080712868,0,0,NA
HSPB1,100,0.289447236,0,0,0.071847271,0,0,NA
HUS1,116,0.285217737,0,0,0.041683578,0,0,NA
ICA1,106,0.220569911,0,0,0.172451514,0,0,NA
IFRD1,100,0.212480191,0,0,0.409622728,0,0,NA
IGFBP1,100,0.185504881,0,0,0.057756471,0,0,NA
IMMP2L,100,0.259703421,0,0,0.012690363,0,0,NA
ING3,113,0.351603784,0,1,0.033381717,0,0,NA
INHBA,100,0.15612655,0,0,0.024786498,0,0,NA
INMT,100,0.135156662,0,0,0.030752195,0,0,NA
INSIG1,110,0.319316141,0,0,0.047939876,0,0,NA
IQUB,100,0.167846067,0,0,0.25049972,0,0,NA
ITGB8,100,0.245105183,0,0,0.054984789,0,0,NA
KCND2,111,0.196040671,0,0,0.023179469,0,0,NA
KCNH2,100,0.257339093,0,0,0.059765753,0,0,NA
KCP,111,0.178764415,0,0,NA,0,0,NA
KIAA1324L,121,0.191633634,0,0,0.101164826,0,0,NA
KLHDC10,100,0.135923035,0,0,0.039086888,0,0,NA
KLRG2,100,0.283258362,0,0,0.074928808,0,1,0.978504069
KRBA1,111,0.20388704,0,0,0.017690547,0,0,NA
LAT2,153,0.196997475,0,1,0.190932281,0,0,NA
LFNG,100,0.133151329,0,0,0.137105842,0,0,NA
LHFPL3,100,0.200470221,0,0,0.229855404,0,0,NA
LRRC4,100,0.167978075,0,1,0.033964451,0,0,NA
LRRC61,100,0.182359746,0,0,0.029842688,0,0,NA
LRWD1,138,0.26309097,0,0,0.091029954,0,0,NA
LSM5,133,0.23521758,0,0,0.039586952,0,0,NA
MACC1,100,0.273832815,0,0,0.031868619,0,0,NA
MAFK,100,0.184161106,0,0,0.023976353,0,0,NA
MALSU1,173,0.225123461,0,0,0.049508796,0,0,NA
MBLAC1,100,0.188782062,0,0,0.124144874,0,0,NA
MDH2,102,0.257196461,0,0,0.039569461,0,0,NA
MEPCE,200,0.305522504,0,0,0.22015695,0,1,0.604537971
METTL2B,100,0.196368204,0,0,0.078492844,0,0,NA
MPLKIP,100,0.224605519,0,0,0.083681742,0,0,NA
MRPL32,105,0.161126582,0,0,0.074853568,0,0,NA
MRPS24,192,0.221910467,0,0,0.504767303,0,0,NA
MRPS33,109,0.26339817,0,0,0.047274068,0,0,NA
MYL10,100,0.138536405,0,0,0.259602664,0,0,NA
MYL7,100,0.187761349,0,0,0.044302014,0,0,NA
NAA38,NA,NA,0,0,0.120625416,0,0,NA
NAT16,100,0.187441919,0,0,0.016216376,0,0,NA
NCAPG2,199,0.294185144,0,0,0.179155446,0,0,NA
NCF1,100,0.159830279,0,0,0.128001599,0,0,NA
NDUFA4,141,0.254380429,0,0,0.294376373,0,0,NA
NDUFA5,172,0.216980299,0,0,0.451931054,0,0,NA
NDUFB2,102,0.251316163,0,0,0.046075926,0,0,NA
NOBOX,100,0.181352546,0,0,0.019991463,0,0,NA
NOBOX,100,0.181352546,0,0,0.019991463,0,0,NA
NOM1,156,0.25229735,0,0,0.063783444,0,0,NA
NPSR1,100,0.267006787,0,0,0.003573057,0,0,NA
NPY,100,0.192355541,0,0,0.026596638,0,0,NA
NT5C3A,100,0.189188852,0,0,0.018096167,0,0,NA
NUDCD3,127,0.231861476,0,0,0.141763631,0,0,NA
NUDT1,100,0.153716417,0,0,0.014629824,0,0,NA
NXPH1,100,0.289013934,0,0,0.01155475,0,0,NA
OPN1SW,100,0.225028909,0,0,0.01277089,0,0,NA
PCLO,100,0.187883277,0,0,0.067609611,0,0,NA
PCOLCE,100,0.219600679,0,0,0.380240422,0,1,1.291251068
PDAP1,127,0.238409599,0,0,0.28775691,0,0,NA
PDGFA,100,0.176350104,0,0,0.082856557,0,0,NA
PDIA4,101,0.171741917,0,0,0.104298538,0,1,1.302336222
PDK4,100,0.178214327,0,0,0.04919404,0,0,NA
PHTF2,100,0.153765373,0,0,0.237314991,0,0,NA
PLEKHA8,100,0.183223733,0,0,0.171350134,0,0,NA
PMPCB,116,0.318306368,0,0,0.042848165,0,0,NA
PMS2,100,0.278185077,1,0,0.06196471,0,0,NA
PODXL,111,0.273120185,0,0,0.281188877,0,0,NA
POLM,101,0.241146832,0,0,0.058221286,0,0,NA
POLR2J3,136,0.367307257,0,0,0.03765623,0,0,NA
POLR2J3,136,0.367307257,0,0,0.03765623,0,0,NA
POM121C,100,0.20376168,0,0,0.067995689,0,0,NA
PON1,100,0.180585225,0,0,0.062027908,0,0,NA
PON3,100,0.210791171,0,0,0.020694023,0,0,NA
POP7,134,0.231934757,0,0,0.049950387,0,1,0.521472233
POT1,193,0.312369365,1,0,0.084169348,0,0,NA
PPP1R35,180,0.188488779,0,0,0.227351579,0,1,NA
PRKAG2,104,0.225835981,0,0,0.182592605,0,0,NA
PRKAR1B,100,0.230797005,0,0,0.02422412,0,0,NA
PRKRIP1,199,0.288425029,0,0,0.115507513,0,0,NA
PRSS2,103,0.250833372,0,0,0.252084736,0,0,NA
PRSS2,103,0.250833372,0,0,0.252084736,0,0,NA
PSMA2,120,0.316655791,0,0,0.385137672,0,0,NA
PSMC2,143,0.321876166,0,0,0.036378048,0,0,NA
PSMG3,177,0.276622602,0,0,0.101604101,0,0,NA
PSPH,101,0.171468033,0,0,0.006615477,0,0,NA
RAC1,104,0.24190822,0,0,0.013907748,1,0,0.267695695
RALA,111,0.344892461,0,0,0.328493164,1,0,NA
RAPGEF5,105,0.344554741,0,0,0.030909398,0,0,NA
RARRES2,100,0.201500659,0,0,0.224707621,0,0,NA
RBM28,195,0.305146488,0,0,0.078309123,0,0,NA
RBM33,146,0.224346592,0,0,0.071927191,0,0,NA
RBM48,107,0.203518294,0,0,0.041256056,0,0,NA
RFC2,116,0.268659728,0,0,0.023024354,0,0,NA
RHBDD2,100,0.158090094,0,0,0.016569716,0,0,NA
RINT1,200,0.295534281,0,1,0.552851237,0,0,NA
RNF133,100,0.377581825,0,0,0.056447734,0,0,NA
RNF148,101,0.349055078,0,0,0.086730796,0,0,NA
RNF32,100,0.214998213,0,0,0.008066992,0,0,NA
RPA3,183,0.233561519,0,0,0.089104925,0,0,NA
RSBN1L,137,0.234862215,0,0,0.061849793,0,0,NA
RSPH10B,101,0.188289878,0,0,0.020220688,0,0,NA
RUNDC3B,100,0.327331433,0,0,0.022466739,0,0,NA
SBDS,126,0.391723098,1,0,0.052302652,0,0,NA
SCIN,102,0.249316856,0,0,0.15180472,0,0,NA
SCRN1,100,0.195528135,0,0,0.032765162,0,0,NA
SEC61G,106,0.20233486,0,0,0.051858532,0,0,NA
SHH,101,0.259402434,0,0,0.007070155,0,0,NA
SKAP2,103,0.18605713,0,0,0.082997974,0,0,NA
SLC13A1,123,0.287990023,0,0,0.085347062,0,0,NA
SLC26A4,100,0.185341403,0,0,0.019520424,0,0,NA
SLC35B4,100,0.19761591,0,0,0.032567129,0,0,NA
SLC37A3,100,0.188909901,0,0,0.01894678,0,0,NA
SNX10,140,0.285769148,0,0,0.208716704,0,0,NA
SNX13,175,0.339406679,0,0,0.448670759,0,0,NA
SOSTDC1,100,0.143572866,0,0,0.036140948,0,0,NA
SRI,100,0.16642295,0,0,0.036530877,0,0,NA
SRPK2,101,0.264628685,0,0,0.148785132,0,0,NA
SSBP1,179,0.227398009,0,0,0.151574139,0,0,NA
SSBP1,179,0.227398009,0,0,0.151574139,0,0,NA
ST7,108,0.278320766,0,1,0.042206279,0,0,NA
STEAP1,100,0.256152387,0,0,0.069475038,0,0,NA
STEAP2,100,0.213537266,0,0,0.042592532,0,0,NA
STEAP4,100,0.302493991,0,0,0.085320008,0,0,NA
STRA8,159,0.184684342,0,0,0.583256818,0,0,NA
STRIP2,122,0.18094408,0,0,0.025893093,0,0,NA
STYXL1,119,0.149363414,0,0,0.089303048,0,0,NA
SUMF2,102,0.222732462,0,0,0.056710823,0,0,NA
SUN3,101,0.219915136,0,0,0.033386791,0,0,NA
SYPL1,106,0.424236633,0,0,0.142440028,1,0,1.003012547
TAS2R16,100,0.181899289,0,0,0.005789558,0,0,NA
TAS2R3,100,0.150028196,0,0,0.011635599,0,0,NA
TAS2R41,100,0.187713483,0,0,0.096431309,0,0,NA
TAS2R41,100,0.187713483,0,0,0.096431309,0,0,NA
TAS2R5,100,0.247257339,0,0,0.231009067,0,0,NA
TAS2R60,100,0.172239887,0,0,0.058659517,0,0,NA
TAS2R60,100,0.172239887,0,0,0.058659517,0,0,NA
TAX1BP1,100,0.293510009,0,0,0.075351223,0,0,NA
TBX20,100,0.149171869,0,0,0.101437196,0,0,NA
TBXAS1,100,0.158287052,0,0,0.004881058,0,1,0.673766179
TFPI2,100,0.195069287,0,1,0.058303053,0,0,NA
TFR2,176,0.220434395,0,0,0.142556534,0,1,NA
THAP5,100,0.198421615,0,0,0.005751144,0,0,NA
TMEM140,127,0.162669968,0,0,0.080419423,0,0,NA
TMEM176A,100,0.240839855,0,0,0.016474443,0,0,NA
TMEM176B,100,0.181067378,0,0,0.005549358,0,0,NA
TMEM184A,101,0.224849605,0,0,0.058107539,0,0,NA
TMEM196,100,0.28840946,0,0,0.194235418,0,0,NA
TMEM209,185,0.218187734,0,0,0.102143097,0,0,NA
TMEM243,129,0.305754855,0,0,0.606791977,0,0,NA
TMEM248,100,0.317098233,0,0,0.018859495,1,0,0.422275684
TMEM60,100,0.22307849,0,0,0.092606342,0,0,NA
TMUB1,100,0.29166096,0,0,0.048381678,0,0,NA
TOMM7,100,0.244218661,0,0,0.081776352,0,0,NA
TPK1,101,0.263447682,0,0,0.034969007,0,1,0.718861472
TRA2A,102,0.202283471,0,0,0.033941381,0,0,NA
TRIM74,104,0.26732538,0,0,0.18643547,0,0,NA
TRPV5,100,0.156791691,0,0,0.020771946,0,0,NA
TRPV5,100,0.156791691,0,0,0.020771946,0,0,NA
TSGA13,100,0.174784668,0,0,0.014722671,0,0,NA
TSPAN12,100,0.280483488,0,0,0.066168276,0,0,NA
TSPAN33,100,0.170766934,0,0,0.143199691,0,0,NA
TTC26,100,0.162102683,0,0,0.006352502,0,1,0.900258858
TWISTNB,111,0.306007317,0,0,0.046298211,0,0,NA
TYW1,101,0.167768252,0,0,0.254860797,0,0,NA
UBE2H,153,0.34545082,0,0,0.05983503,0,0,NA
UBE3C,124,0.252914261,0,0,0.016589198,0,0,NA
UFSP1,101,0.211042422,0,0,0.365014157,0,1,0.876963438
UPP1,100,0.227052599,0,0,0.020954852,0,0,NA
URGCP,100,0.220845362,0,0,0.107481622,0,0,NA
VIPR2,145,0.203933206,0,0,0.064540584,0,0,NA
VOPP1,100,0.174190132,0,0,0.006052303,0,0,NA
WASL,104,0.269378594,0,0,0.316607204,1,0,0.775204098
WDR60,104,0.149920822,0,0,0.066104193,0,0,NA
YKT6,129,0.192731929,0,0,0.204271394,0,0,NA
ZBED6CL,100,0.203694405,0,0,0.071676931,0,0,NA
ZC3HC1,108,0.215095764,0,0,0.233826688,0,0,NA
ZKSCAN1,120,0.249041655,0,0,0.171653358,0,0,NA
ZKSCAN5,100,0.197758729,0,0,0.300494405,0,0,NA
ZNF138,100,0.16871309,0,0,0.019431161,0,0,NA
ZNF273,100,0.206295029,0,0,0.143305653,0,0,NA
ZNF3,100,0.163278335,0,0,0.18440863,0,0,NA
ZNF394,100,0.211049476,0,0,0.022967364,0,0,NA
ZNF680,106,0.166988189,0,0,0.106895778,0,0,NA
ZNF786,100,0.216408809,0,0,0.00579845,0,1,NA
ZNF789,100,0.220024922,0,0,0.014027449,1,0,NA
ZNHIT1,100,0.169267123,0,0,0.013444041,0,1,NA
ZSCAN21,100,0.157552585,0,0,0.049546774,0,0,NA
OR2A42,101,0.133886843,0,0,0.07597727,0,0,NA
LUZP6,101,0.32809437,0,0,NA,0,0,NA
SEPTIN7,100,0.187526496,0,0,NA,0,0,NA
GSDME,100,0.187526496,0,0,NA,0,0,NA
GARS1,100,0.187526496,0,0,NA,0,0,NA
NIPSNAP2,100,0.288639635,0,0,NA,0,0,NA
MUC3A,100,0.127265492,0,0,0.113596739,0,0,NA
MTERF1,100,0.214804579,0,0,NA,0,0,NA
SEM1,100,0.16953337,0,0,NA,0,0,NA
ATP5MF,100,0.187526496,0,0,NA,0,0,NA
TCAF1,100,0.243630321,0,0,NA,0,0,NA
NUP42,100,0.187526496,0,0,NA,0,0,NA
OR2F1,100,0.195541555,0,0,0.00397823,0,0,NA
MRM2,100,0.137078928,0,0,NA,0,0,NA
LSM8,100,0.218084672,0,0,NA,0,0,NA
DNAAF5,100,0.119672139,0,0,NA,0,0,NA
MAP11,100,0.187526496,0,0,NA,0,0,NA
VPS50,100,0.187526496,0,0,NA,0,1,0.791506578
SDHAF3,100,0.090732585,0,0,NA,0,0,NA
YAE1,100,0.187526496,0,0,NA,0,0,NA
DENND11,100,0.187526496,0,0,NA,0,0,NA
NFE4,100,0.353398193,0,0,NA,0,0,NA
GALNT17,100,0.212792496,0,0,NA,0,0,NA
IFT22,100,0.120270904,0,0,NA,0,1,NA
CYREN,100,0.187526496,0,0,NA,0,0,NA
SUGCT,100,0.119105572,0,0,NA,0,0,NA
CFAP69,100,0.2631589,0,0,NA,0,0,NA
KDM7A,100,0.172258613,0,0,NA,0,0,NA
OR2AE1,100,0.150931832,0,0,0.023076903,0,0,NA
RCC1L,100,0.096258624,0,0,NA,0,0,NA
MINDY4,100,0.166299425,0,0,NA,0,0,NA
MGAM2,100,0.211710223,0,0,NA,0,0,NA
H2AZ2,100,0.187526496,0,0,NA,0,0,NA
BUD23,100,0.348421164,0,0,NA,0,0,NA
OR9A4,100,0.195271777,0,0,0.029624658,0,0,NA
TMEM270,100,0.147736569,0,0,NA,0,0,NA
OR9A2,100,0.153034036,0,0,0.058699114,0,0,NA
LLCFC1,100,0.187526496,0,0,NA,0,0,NA
OR2A14,100,0.112920936,0,0,0.03086396,0,0,NA
OR6B1,100,0.187101025,0,0,0.007335262,0,0,NA
OR2F2,100,0.117316799,0,0,0.22439586,0,0,NA
SSU72P8,100,0.187526496,0,0,NA,0,0,NA
SSC4D,100,0.165700323,0,0,NA,0,0,NA
BMT2,100,0.168354395,0,0,NA,0,0,NA
FMC1,100,0.212792496,0,0,NA,0,1,1.092467159
C7orf77,100,0.234955475,0,0,NA,0,0,NA
METTL27,100,0.172017657,0,0,NA,0,0,NA
CDC14C,100,0.187526496,0,0,NA,0,0,NA
TEX47,100,0.152778258,0,0,NA,0,0,NA
MTURN,100,0.137085826,0,0,NA,0,0,NA
ITPRID1,100,0.187526496,0,0,NA,0,0,NA
TCAF2,100,0.188856612,0,0,NA,0,0,NA
SEPTIN14,100,0.187526496,0,0,NA,0,0,NA
OR6V1,100,0.168086669,0,0,0.049087391,0,0,NA
OR2A12,100,0.105928475,0,0,0.004081238,0,0,NA
OR2A1,100,0.18947288,0,0,0.029095138,0,0,NA
CASTOR3,100,0.187526496,0,0,NA,0,0,NA
NUPR2,100,0.187526496,0,0,NA,0,0,NA
OR2A25,100,0.142544294,0,0,0.010548691,0,0,NA
IQCA1L,100,0.357106985,0,0,NA,0,0,NA
OR2A5,100,0.142332122,0,0,0.056259471,0,0,NA
SMIM30,100,0.187526496,0,0,NA,0,0,NA
OR2A7,100,0.175347006,0,0,0.015056043,0,0,NA
GRIFIN,100,0.206077195,0,0,NA,0,0,NA
OR2A2,100,0.180433867,0,0,0.00529849,0,0,NA
STMP1,100,0.187526496,0,0,NA,0,0,NA
CASTOR2,100,0.091629149,0,0,NA,0,0,NA
UMAD1,100,0.145033652,0,0,NA,0,0,NA
CRPPA,100,0.187526496,0,0,NA,0,0,NA
ATP6V1FNB,100,0.187526496,0,0,NA,0,0,NA
EFCAB10,100,0.187526496,0,0,NA,0,0,NA
SPATA48,100,0.187526496,0,0,NA,0,0,NA
UPK3BL1,100,0.138564462,0,0,NA,0,0,NA
TMEM225B,100,0.197234115,0,0,NA,0,0,NA
ATP5MF-PTCD1,100,0.187526496,0,0,NA,0,0,NA
INMT-MINDY4,100,0.187526496,0,0,NA,0,0,NA
GIMAP1-GIMAP5,100,0.15094606,0,0,NA,0,0,NA
TCAF2C,100,0.187526496,0,0,NA,0,0,NA
URGCP-MRPS24,100,0.260716264,0,0,NA,0,0,NA
CYP3A7-CYP3A51P,100,0.146837875,0,0,NA,0,0,NA
SPDYE11,100,0.187526496,0,0,NA,0,0,NA
FMC1-LUC7L2,100,0.187526496,0,0,NA,0,0,NA
SPDYE16,100,0.227807285,0,0,NA,0,0,NA
SPDYE17,100,0.187526496,0,0,NA,0,0,NA
UPK3BL2,100,0.187526496,0,0,NA,0,0,NA
FAM237B,100,0.187526496,0,0,NA,0,0,NA
H2BE1,100,0.187526496,0,0,NA,0,0,NA
CCDC201,100,0.187526496,0,0,NA,0,0,NA
DFNA5,NA,NA,0,1,0.232959764,0,0,NA
LINC-PINT,NA,NA,0,1,NA,0,0,NA
LOC401317,NA,NA,0,1,NA,0,0,NA
MIR129-1,NA,NA,0,1,NA,0,0,NA
MIR148A,NA,NA,0,1,NA,0,0,NA
MIR182,NA,NA,0,1,NA,0,0,NA
MIR183,NA,NA,0,1,NA,0,0,NA
MIR196B,NA,NA,0,1,NA,0,0,NA
MIR25,NA,NA,0,1,NA,0,0,NA
MIR29A,NA,NA,0,1,NA,0,0,NA
MIR29B1,NA,NA,0,1,NA,0,0,NA
MIR335,NA,NA,0,1,NA,0,0,NA
MIR490,NA,NA,0,1,NA,0,0,NA
TARP,NA,NA,0,0,0.647911979,1,0,NA
Sep-07,NA,NA,0,0,0.616585868,0,0,NA
Q8N2E2_HUMAN,NA,NA,0,0,0.340578234,0,0,NA
AC092031.1,NA,NA,0,0,0.340081861,0,0,NA
C7orf55,NA,NA,0,0,0.294581329,0,0,NA
GBAS,NA,NA,0,0,0.284421057,0,0,NA
Q99543-2,NA,NA,0,0,0.280538058,0,0,NA
Q9C0K3_HUMAN,NA,NA,0,0,0.280538058,0,0,NA
U66061_1,NA,NA,0,0,0.280538058,0,0,NA
ENSG00000228273,NA,NA,0,0,0.280538058,0,0,NA
C7orf69,NA,NA,0,0,0.256405891,0,0,NA
Q96K91_HUMAN,NA,NA,0,0,0.25288428,0,0,NA
YAE1D1,NA,NA,0,0,0.247028786,0,0,NA
FAM183B,NA,NA,0,0,0.195159194,0,0,NA
C7orf63,NA,NA,0,0,0.186086227,0,0,NA
JHDM1D,NA,NA,0,0,0.175360905,0,0,NA
NUPL2,NA,NA,0,0,0.174773044,0,0,NA
SHFM1,NA,NA,0,0,0.173497292,0,0,NA
LOC541473,NA,NA,0,0,0.172084414,0,0,NA
C7orf72,NA,NA,0,0,0.168517518,0,0,NA
C7orf65,NA,NA,0,0,0.156582158,0,0,NA
GARS,NA,NA,0,0,0.128910329,0,0,NA
C7orf62,NA,NA,0,0,0.116747845,0,0,NA
C7orf71,NA,NA,0,0,0.108331723,0,0,NA
C7orf60,NA,NA,0,0,0.099748147,0,0,NA
STAG3L2,NA,NA,0,0,0.08920306,0,0,NA
FAM115A,NA,NA,0,0,0.082254944,0,0,NA
SSPO,NA,NA,0,0,0.077702918,0,0,NA
CCDC132,NA,NA,0,0,0.075260585,0,0,NA
H2AFV,NA,NA,0,0,0.072125384,0,0,NA
C7orf66,NA,NA,0,0,0.071420094,0,0,NA
STAG3L4,NA,NA,0,0,0.065717806,0,0,NA
RABL5,NA,NA,0,0,0.063687058,0,0,NA
UPK3BL,NA,NA,0,0,0.063604005,0,0,NA
C7orf41,NA,NA,0,0,0.059523168,0,0,NA
WBSCR27,NA,NA,0,0,0.059433824,0,0,NA
WBSCR16,NA,NA,0,0,0.059318694,0,0,NA
WBSCR22,NA,NA,0,0,0.058961958,0,0,NA
C7orf10,NA,NA,0,0,0.054783109,0,0,NA
ISPD,NA,NA,0,0,0.053308982,1,0,NA
CCDC129,NA,NA,0,0,0.05099959,0,0,NA
FAM115C,NA,NA,0,0,0.04825954,0,0,NA
ATP5J2,NA,NA,0,0,0.047865107,0,0,NA
WBSCR17,NA,NA,0,0,0.046625373,0,0,NA
SRCRB4D,NA,NA,0,0,0.04619761,0,0,NA
WBSCR28,NA,NA,0,0,0.046194304,0,0,NA
FAM188B,NA,NA,0,0,0.046029871,0,0,NA
FTSJ2,NA,NA,0,0,0.041532071,0,0,NA
MTERF,NA,NA,0,0,0.038103587,0,0,NA
C7orf49,NA,NA,0,0,0.035208904,0,0,NA
KIAA1147,NA,NA,0,0,0.034986767,0,0,NA
C7orf34,NA,NA,0,0,0.033851441,0,0,NA
GATS,NA,NA,0,0,0.031514588,0,1,NA
Sep-14,NA,NA,0,0,0.029814851,0,0,NA
HEATR2,NA,NA,0,0,0.026511743,0,0,NA
ACN9,NA,NA,0,0,0.021261456,0,0,NA
ABP1,NA,NA,0,0,0.015644515,0,0,NA
C7orf43,NA,NA,0,0,0.014150816,0,1,0.280788286
GPER,NA,NA,0,0,0.013477413,0,0,NA
PMS2P1,NA,NA,0,0,NA,0,1,NA
PMS2P1,NA,NA,0,0,NA,0,1,NA
AAVS1,NA,NA,0,0,NA,0,0,0.698308954
GATA1,NA,NA,0,0,NA,0,0,1.764571005
Mock,NA,NA,0,0,NA,0,0,0.936492558
PTEN,NA,NA,0,0,NA,0,0,1.464638937