,Gene,Entrez.GeneID,ENSEMBL_ID,Brum.HAP1.GTS,Brum.KBM7.GTS,Chen.cs,Chen.pvalue,Chen.fdr,Chen.ts.rank,Weis14.csa.avg,Doen.avg.LFC,Doen.avg.neg.log.pvalue,Elle13.pvalue,Elle13.fdr,Elle13.lasso.prob,Elle18.HMEC.avg.LFC,Elle18.HMEC.combined.pvalue,Elle19.HMEC.fdr,Elle18.HPNE.avg.LFC,Elle18.HPNE.Combined.pvalue,Elle19.HPNE.fdr,Sabb15.KBM7.cs,Sabb15.KBM7.fdr,Sabb15.K562.cs,Sabb15.K562.fdr,Sabb15.Jiyoye.cs,Sabb15.Jiyoye.fdr,Sabb15.Raji.cs,Sabb15.Raji.fdr,Sabb17.EOL1,Sabb17.HEL,Sabb17.MOLM13,Sabb17.MonoMac1,Sabb17.NB4.rep1,Sabb17.NB4.rep2,Sabb17.OCI.AML2,Sabb17.OCI.AML3,Sabb17.OCI.AML5,Sabb17.P31.FUJ,Sabb17.PL21,Sabb17.SKM1,Sabb17.TF1,Sabb17.THP1,Weis16.csa.MW.pvalue,Weis16.csa.avg,Weis16.csi.MW.pvalue,Weis16.csi.avg
0,POLD2,5425.0,ENSG00000106628,0.246339363,0.207792208,0.5241399999999999,0.5241899999999999,0.9999969999999999,9935,-0.00114908,0.346582571,1.042530929,1.0,1.0,0.16893955600000002,-0.15,0.129,1.0,-0.201,0.266,1.0,-2.375,0.000172262,-2.895,0.0006756710000000001,-3.0580000000000003,1.86e-05,-1.7180000000000002,0.000154401,-2.417,-3.1460000000000004,-2.7,-1.838,-2.1180000000000003,-2.35,-2.187,-2.225,-3.5039999999999996,-3.275,-2.019,-2.306,-3.45,-3.5669999999999997,0.137058611,-0.012418613,7.45e-06,-0.205830273
1,EZH2,2146.0,ENSG00000106462,0.414477525,0.21182266,0.61422,0.614,0.9999969999999999,11628,0.034244506,-0.17838036399999999,0.581781398,1.0,1.0,0.06904112400000001,-0.39,0.009000000000000001,1.0,0.42100000000000004,0.95,1.0,-1.6,0.029984967,-0.677,0.967618297,-0.015,0.902487815,-1.35,0.001421225,0.068,-0.215,-1.9340000000000002,-1.9469999999999998,-0.42,-0.381,-0.752,-0.665,-1.001,0.17800000000000002,0.919,-1.706,-2.0869999999999997,-1.605,0.7981093659999999,-0.000227664,0.021933868999999998,0.033730516
2,PTCD1,26024.0,ENSG00000106246,0.486842105,0.48802395200000004,0.9886299999999999,0.9887,0.9999969999999999,18786,-0.049916691,-0.11923076,0.49411694100000003,1.0,1.0,0.042873865,-1.265,3.2799999999999997e-15,4.77e-11,-2.2230000000000003,8.279999999999999e-11,1.23e-06,-1.6159999999999999,0.000428537,-2.367,0.00032627,-1.2819999999999998,0.0062664719999999995,-1.831,0.002209539,-1.5659999999999998,-2.283,-1.4469999999999998,-1.183,-0.866,-0.968,-1.527,-1.381,-1.9669999999999999,-2.01,-1.25,-0.975,-1.82,-1.544,0.186926934,-0.016080731,0.000299183,-0.14767265599999999
3,MCM7,4176.0,ENSG00000166508,0.077803204,0.087719298,0.7249399999999999,0.7248100000000001,0.9999969999999999,13679,-0.09964668199999999,-0.243139894,0.719576168,0.010271812,0.382968404,0.651405722,-0.08,0.258,1.0,0.19,0.797,1.0,-2.674,0.004885474,-2.531,0.019920441,-2.384,0.0043888009999999995,-1.965,0.003534303,-2.779,-3.0380000000000003,-3.451,-1.285,-1.624,-2.217,-2.592,-2.385,-3.472,-3.049,-1.725,-1.879,-2.898,-3.325,0.529921244,-0.01496967,0.308964257,-0.06998449400000001
4,NUP205,,ENSG00000155561,0.06980057,0.048442907,0.98416,0.98426,0.9999969999999999,18676,-0.013491858,-0.578155141,1.4318540990000002,0.030364175,0.669625061,0.24163404100000002,,,,,,,-1.4569999999999999,0.067470116,-1.5419999999999998,0.122336206,-2.023,0.01418695,-1.746,0.0049008409999999995,-1.159,-3.298,-1.8130000000000002,-1.246,-0.5720000000000001,-0.968,-2.12,-1.361,-2.165,-2.378,-1.1740000000000002,-2.369,-2.675,-2.244,0.050027993,0.00524048,2.22e-07,-0.339325245
5,VPS41,27072.0,ENSG00000006715,0.471486444,0.465968586,0.4232,0.43306000000000006,0.9999969999999999,8208,0.009152616,-0.539170857,1.174580159,1.0,1.0,0.04769379,-0.705,0.002,1.0,-1.5719999999999998,0.102,1.0,-0.281,0.513740102,-0.5529999999999999,0.43232788299999997,-0.23,0.973727362,-1.115,0.009986146999999999,-0.527,-0.45,-0.297,-0.935,0.102,-0.18899999999999997,-0.184,-0.478,-0.07200000000000001,-0.091,0.061,-0.8190000000000001,-0.503,0.086,0.757874666,-0.002068636,0.000387517,-0.087477189
6,TMEM106B,54664.0,ENSG00000106460,0.52078971,0.535714286,0.0030577,0.009031,0.89884,187,-0.017155475,-0.067275417,0.504841683,1.0,1.0,0.021110541,0.085,0.6809999999999999,1.0,-2.3169999999999997,0.012,1.0,0.33399999999999996,0.104874353,0.353,0.105984624,0.285,0.12972434300000002,0.534,0.017628966,0.25,0.271,-0.129,-0.08900000000000001,0.075,0.109,0.33,0.295,0.41700000000000004,0.3,0.27899999999999997,0.32,-0.013000000000000001,0.198,0.259324706,-0.007053647,0.343233956,0.0075844580000000005
7,ACTB,60.0,ENSG00000075624,0.278481013,0.3125,0.94026,0.9400799999999999,0.9999969999999999,17806,-0.009181851999999999,-0.130356901,0.549255058,1.0,1.0,0.025552925,0.515,1.0,1.0,0.446,0.84,1.0,-1.6480000000000001,0.00027383400000000003,0.01,0.621144185,-0.379,0.34264217799999996,-1.3019999999999998,0.018835723000000002,-0.77,-1.199,-1.984,-2.6689999999999996,-1.071,-0.9840000000000001,-0.951,-0.9620000000000001,-2.588,-3.174,-2.325,-0.924,-1.645,-3.157,0.006687654,-0.032164147000000004,0.913382635,-0.001176008
8,CASP2,835.0,ENSG00000106144,0.576959396,0.526315789,0.074559,0.13017,0.987051,2515,-0.026189355,0.021652424,0.642852643,1.0,1.0,0.063889394,-2.03,6.940000000000001e-19,1.02e-14,-3.0780000000000003,6.279999999999999e-10,9.32e-06,0.305,0.09293766199999999,0.645,0.014590205,0.365,0.37624425799999994,0.47,0.024668037,0.10300000000000001,0.439,0.051,0.555,0.307,0.085,0.518,0.456,0.359,0.597,0.34700000000000003,0.195,0.7609999999999999,0.259,0.248226597,-0.011515049,0.766539175,0.012566641000000002
9,CEP41,95681.0,ENSG00000106477,0.41927853299999995,0.49945593,0.74432,0.74407,0.9999969999999999,14037,-0.007684815,-0.065144357,0.7129930520000001,1.0,1.0,0.074406239,0.285,0.993,1.0,0.10800000000000001,0.76,1.0,-0.053,0.872900978,0.013999999999999999,0.7636685329999999,0.433,0.25224797600000004,0.36700000000000005,0.045223651,-0.142,-1.3659999999999999,0.034,-0.386,0.289,0.21600000000000003,0.013999999999999999,0.011000000000000001,0.166,-0.517,-0.377,-0.02,-0.461,-0.055999999999999994,0.912805403,0.004096938,2.07e-06,-0.046851508
10,NRF1,4899.0,ENSG00000106459,0.065680473,0.049689440999999994,0.46316,0.46743999999999997,0.9999969999999999,8845,-0.005006648,1.168252328,3.6176895360000003,1.0,1.0,0.156527126,-3.82,5.75e-32,8.52e-28,-4.284,3.5e-07,0.005,-1.744,0.042337462,-3.549,0.00018795700000000002,-1.0759999999999998,0.427709732,-0.9329999999999999,0.065510902,-0.732,-2.656,-3.335,-1.742,-1.265,-1.795,-2.3209999999999997,-2.0,-2.372,-2.346,-2.491,-2.329,-2.989,-2.6039999999999996,0.060350793,0.008604934,0.024090031,-0.142870373
11,PHF14,,ENSG00000106443,0.523842196,0.5066258920000001,0.48494,0.48713,0.9999969999999999,9206,-0.018193509,-0.481877933,1.0606085490000001,0.020640036,0.545311513,0.413914777,,,,,,,0.16899999999999998,0.522590937,0.382,0.077813088,0.368,0.507169993,0.569,0.069484861,0.22699999999999998,-0.013999999999999999,-0.452,0.248,-0.03,0.304,0.040999999999999995,0.37799999999999995,-0.021,0.017,0.615,1.0979999999999999,-0.5429999999999999,0.13,0.140894371,-0.023480422,0.38475757200000005,0.009983195
12,IKZF1,10320.0,ENSG00000185811,0.47826087,0.412065814,0.8072600000000001,0.80725,0.9999969999999999,15232,-0.087810925,0.569285339,1.53368153,1.0,1.0,0.029157147999999997,-2.81,1.6899999999999998e-19,2.47e-15,-1.8619999999999999,0.004,1.0,-0.205,0.8829284490000001,-0.496,0.334477294,-0.986,0.053192678,-1.126,0.074577148,-1.6380000000000001,-0.135,-1.4980000000000002,-1.671,-1.54,-2.353,-1.3230000000000002,-1.244,-2.0380000000000003,-0.516,-1.7730000000000001,-0.155,-0.551,-1.766,0.000684551,-0.041884986,0.100815595,-0.021266041
13,STX1A,6804.0,ENSG00000106089,0.516483516,0.550847458,0.9908100000000001,0.99082,0.9999969999999999,18831,-0.028034833,-0.013290291999999999,0.75180641,1.0,1.0,0.026736059,-1.93,9.080000000000001e-10,1.3000000000000001e-05,-1.6980000000000002,0.000335,1.0,0.07200000000000001,0.43011758899999997,-0.10099999999999999,0.9084491,0.218,0.639812564,0.287,0.09922625800000001,0.17,0.114,0.327,-0.009000000000000001,0.385,0.16899999999999998,0.337,-0.27899999999999997,0.001,-0.221,0.132,-0.073,-0.008,0.028999999999999998,0.596375682,-0.014981498000000001,0.508652577,-0.024523527000000003
14,ZP3,7784.0,ENSG00000188372,0.405857741,0.46263345200000006,0.99655,0.9965799999999999,0.9999969999999999,19010,0.008693459,-0.347808044,0.841512294,1.0,1.0,0.146683776,-0.1,0.40399999999999997,1.0,0.085,0.679,1.0,-0.309,0.42537661,-0.563,0.864854716,0.221,0.30327493899999997,-0.512,0.105089772,-0.098,-0.289,-0.15,0.11,-0.138,-0.379,-0.142,-0.212,-0.44299999999999995,-0.42100000000000004,-0.475,-0.13,-0.28300000000000003,-0.086,0.024544237000000003,-0.008282589,0.737583283,-0.004070974000000001
15,ZNF12,,ENSG00000164631,0.607142857,0.6034482760000001,0.8383,0.83799,0.9999969999999999,15834,0.013883441000000002,-0.1310806,0.710170075,0.014523903999999999,0.458748051,0.635404425,,,,,,,0.273,0.179077693,0.35200000000000004,0.135436515,-0.006,0.934747234,0.129,0.115821572,-0.044000000000000004,0.35200000000000004,0.17,0.223,0.289,0.35100000000000003,0.513,0.177,0.295,0.27699999999999997,0.20800000000000002,0.25,0.47200000000000003,0.249,0.6997403590000001,0.0025245420000000003,0.8559128490000001,-0.004642429
16,SND1,27044.0,ENSG00000197157,0.51536812,0.44155844200000005,0.09259500000000001,0.15599000000000002,0.9881989999999999,3015,0.01060805,-0.645596588,1.5114074869999998,1.0,1.0,0.15678009,,,,,,,-0.212,0.8304369420000001,-0.444,0.951353385,0.11699999999999999,0.816141951,0.505,0.11895667900000001,0.228,-0.127,-0.37799999999999995,-0.105,0.034,0.004,-0.191,-0.077,-0.312,0.428,-0.792,-0.6809999999999999,-0.516,0.053,0.165497764,-0.01795747,0.08912504,-0.015184325
17,ZNF467,168544.0,ENSG00000181444,0.5,0.483539095,0.058508000000000004,0.10689000000000001,0.982247,2075,0.035734713,-0.377419011,0.92278095,1.0,1.0,0.15336436,-1.3,3.59e-10,5.15e-06,-1.954,5.5e-06,0.08,0.305,0.22288791300000002,-0.287,0.776354212,0.607,0.015012933000000001,0.354,0.12132149199999999,0.099,0.006999999999999999,0.11,0.375,0.059000000000000004,0.1,0.264,0.055999999999999994,-0.191,0.107,0.139,-0.204,0.507,0.231,0.750524623,0.006712874000000001,0.359182048,-0.020232082
18,RAC1,5879.0,ENSG00000136238,0.191415313,0.435643564,0.9018299999999999,0.90145,0.9999969999999999,17063,-0.00608175,-0.007453896,0.573261349,1.0,1.0,0.013907748000000001,0.195,0.961,1.0,0.94,0.9990000000000001,1.0,-0.19699999999999998,0.568603947,0.319,0.19904286300000001,-0.273,0.32645893600000003,-0.647,0.152285752,-0.32,-0.134,-0.23600000000000002,-0.035,-0.192,-0.915,0.032,-1.003,-0.363,-0.191,-0.82,-0.9890000000000001,-0.267,-0.33399999999999996,0.616243246,0.006156215,0.483951354,-0.070441394
19,LSMEM1,286006.0,ENSG00000181016,0.64,0.625,0.33448,0.36223,0.9999969999999999,6862,-0.007664376,-0.30510754100000004,0.721315763,1.0,1.0,0.129989472,0.0,0.605,1.0,0.185,0.902,1.0,0.337,0.037972944,0.6409999999999999,0.038674689,0.177,0.392641258,0.42,0.175545505,0.39899999999999997,0.541,0.248,-0.18100000000000002,0.562,0.435,0.325,0.293,0.46,-0.032,-0.12300000000000001,0.213,0.299,0.498,0.8574906720000001,0.005059499,0.024273145,0.020756509
20,AGK,55750.0,ENSG00000006530,0.475765801,0.46975089,0.79656,0.79657,0.9999969999999999,14997,0.041825184,-0.283627145,0.830094254,1.0,1.0,0.01118012,-1.185,4.1999999999999997e-22,6.18e-18,-0.6579999999999999,2.99e-05,0.433,0.149,0.30684664100000003,0.136,0.531932674,-0.06,0.953208299,0.354,0.21121478600000002,-0.28300000000000003,0.257,1.22,0.008,0.46,0.479,0.469,0.043,0.43799999999999994,-0.228,0.19,0.158,0.201,0.11199999999999999,0.508260861,-0.013950444,0.101178886,-0.010988332
21,GIMAP2,26157.0,ENSG00000106560,0.37037037,0.494514768,0.23345,0.28991999999999996,0.9999969999999999,5533,-0.017524768,-0.21903930600000002,0.622282055,1.0,1.0,0.191081401,0.11,0.89,1.0,0.129,0.569,1.0,0.08900000000000001,0.620758524,0.275,0.582313459,0.382,0.577277416,0.309,0.222766021,0.196,0.355,0.18600000000000003,0.121,0.239,0.201,0.336,0.28,0.316,-0.064,-0.546,0.31,0.248,0.17300000000000001,0.25920091100000003,0.00429236,0.746166983,0.009587295
22,GTF2IRD1,,ENSG00000006704,0.509295946,0.52833638,0.22471,0.28396,0.9999969999999999,5419,-0.039306141,-0.291621956,0.8387737190000001,1.0,1.0,0.050900705,,,,,,,0.015,0.644739386,-0.17,0.8712161559999999,0.491,0.15767531099999998,0.488,0.236764898,-0.8170000000000001,-0.583,-0.991,-0.156,-0.218,-0.128,-0.397,-0.469,-0.21100000000000002,0.012,-1.357,-0.35,-0.7879999999999999,-0.996,0.7108467759999999,0.0031287479999999998,0.681024594,-0.005688493
23,YWHAG,7532.0,ENSG00000170027,0.496949153,0.547195622,0.56916,0.56891,0.9999969999999999,10772,-0.054902135,-0.826659342,1.9726556480000002,1.0,1.0,0.14307733,0.095,0.76,1.0,-2.9339999999999997,4.249999999999999e-24,6.389999999999999e-20,-0.11,0.758011232,0.028999999999999998,0.11926626,-0.611,0.39697357299999997,-0.598,0.244806678,-0.083,-0.309,-1.263,-0.25,-0.109,0.07,-0.669,-0.748,-0.345,-1.01,-0.75,-0.691,-0.45299999999999996,-0.311,0.010080796,-0.03120425,0.9016118790000001,-0.01861098
24,ZNF777,27153.0,ENSG00000196453,0.559726962,0.477351916,0.48552,0.48763999999999996,0.9999969999999999,9214,0.016388864,-1.01858232,2.738161336,1.0,1.0,0.0047327459999999995,-1.585,6.119999999999999e-46,9.139999999999999e-42,-1.6469999999999998,5.65e-18,8.48e-14,-0.171,0.20576615199999998,-1.169,0.126407842,-0.195,0.516621173,0.18100000000000002,0.28016593300000003,-0.073,-0.262,-0.618,-0.37799999999999995,-0.52,-0.445,-0.493,-0.11199999999999999,-0.455,-0.518,-0.091,-0.251,-0.9840000000000001,-0.294,0.034495842,0.027606622999999997,0.318052447,-0.0069525609999999995
25,TES,26136.0,ENSG00000135269,0.512032086,0.527486911,0.56581,0.56552,0.9999969999999999,10708,-0.00100988,-0.23290744,0.625823001,1.0,1.0,0.048108399,-0.23,0.345,1.0,-0.35,0.344,1.0,0.35,0.143662983,0.166,0.321121647,0.43,0.19959870000000002,0.324,0.283069919,0.18600000000000003,0.111,0.512,0.078,0.109,0.20199999999999999,0.273,-0.085,0.01,-0.017,-0.028999999999999998,0.10800000000000001,-0.324,0.076,0.033874969,-0.016595878,0.295320863,0.030953314
26,PAXIP1,22976.0,ENSG00000157212,0.292186474,0.5773195879999999,0.42968999999999996,0.43849,0.9999969999999999,8305,0.00018555099999999997,0.029773692999999997,0.60472811,1.0,1.0,0.406088161,-1.86,5.11e-09,7.3e-05,-0.753,0.09699999999999999,1.0,-0.331,0.719295281,-0.6990000000000001,0.324212992,-0.6990000000000001,0.425351198,-0.767,0.291845847,-0.7440000000000001,0.059000000000000004,-1.53,-1.376,-0.466,-0.634,-0.591,-0.66,-1.459,0.361,-0.716,-0.951,-1.617,-1.798,0.33308661300000003,0.004385404,0.466128382,-0.007931579
27,CCM2,83605.0,ENSG00000136280,0.530980392,0.473374769,0.71202,0.71181,0.9999969999999999,13443,-0.01633809,-0.516404654,1.24648665,1.0,1.0,0.25969300100000003,0.02,0.618,1.0,-0.27699999999999997,0.20199999999999999,1.0,-0.08,0.5805054620000001,0.151,0.336928096,-0.264,0.39480833600000004,0.171,0.302245252,-0.358,0.295,0.03,0.045,-0.631,-1.295,0.292,-1.945,0.135,0.5920000000000001,0.046,1.314,0.34,-0.35,0.10683013,0.026596465,0.7893153470000001,0.003946197
28,ZC3HAV1,56829.0,ENSG00000105939,0.472190692,0.472833469,0.402,0.41545,0.9999969999999999,7875,0.072369718,-0.163840304,0.607535697,1.0,1.0,0.037858279,-1.63,3.11e-10,4.47e-06,-4.272,7.41e-08,0.001,0.39899999999999997,0.08328235099999999,-0.863,0.194761866,0.292,0.521533903,0.19899999999999998,0.303497144,-0.24100000000000002,0.081,-0.261,-0.161,-0.473,-0.905,-0.292,-0.302,-0.542,-0.7609999999999999,-0.08,-0.05,-0.775,-0.077,0.001667374,0.043515969,0.11726469099999999,0.015522228
29,BCAP29,55973.0,ENSG00000075790,0.522435897,0.46666666700000003,0.070786,0.12472000000000001,0.987051,2406,-0.038957093,0.21252103,0.923674709,0.110752216,0.974856983,0.52796867,0.0,0.518,1.0,0.078,0.7170000000000001,1.0,0.11900000000000001,0.7113144309999999,0.018000000000000002,0.749800404,0.222,0.375945259,0.091,0.307262358,0.195,-0.12,-0.17,0.163,0.027999999999999997,0.373,0.242,0.264,0.018000000000000002,-0.12300000000000001,-0.292,0.33299999999999996,-0.325,-0.255,0.908388871,-0.006097145,0.963647516,-0.025677734
30,KRIT1,889.0,ENSG00000001631,0.529723992,0.481481481,0.5817399999999999,0.58144,0.9999969999999999,11012,0.010194741,0.24412457,0.887910106,1.0,1.0,0.26269862,-0.205,0.22,1.0,0.519,0.873,1.0,0.083,0.510968073,0.0,0.509960437,-0.08,0.984064345,0.445,0.309549762,-0.03,0.254,-0.004,0.256,-0.184,-0.603,0.24100000000000002,-0.887,0.259,0.34600000000000003,0.384,1.3619999999999999,0.313,-0.24100000000000002,0.714781538,-0.00046431699999999995,0.613466582,0.019549900000000002
31,TMEM248,55069.0,ENSG00000106609,0.545118001,0.531604538,0.49508,0.49643999999999994,0.9999969999999999,9391,-0.0063148430000000005,-0.7833179309999999,1.653463036,1.0,1.0,0.018859495,-0.39,0.11900000000000001,1.0,0.245,0.708,1.0,-0.006999999999999999,0.934460515,-0.15,0.723672905,0.05,0.850373497,0.11900000000000001,0.36904637700000004,0.032,-0.42100000000000004,-0.10400000000000001,-0.326,-0.17300000000000001,0.11800000000000001,-0.01,0.255,-0.26899999999999996,0.222,-0.44,0.20800000000000002,-0.415,-0.39799999999999996,0.056337079000000005,0.022457965,0.608158932,-0.009167626
32,RABGEF1,27342.0,,,,0.54397,0.54361,0.9999969999999999,10300,0.013103951,-0.275979538,0.675865045,1.0,1.0,0.067605391,-0.06,0.565,1.0,0.6890000000000001,0.773,1.0,-0.965,0.33650450600000004,0.381,0.299942987,-0.006,0.922160491,-0.54,0.37564321799999995,0.039,0.024,-1.45,-1.063,-0.735,-0.478,-0.983,-0.662,-0.9,-0.43799999999999994,-1.109,-1.409,-0.544,-1.933,0.0037393879999999997,-0.027807553,0.704016523,0.013199002
33,BPGM,669.0,ENSG00000172331,0.5006257820000001,0.513227513,0.080813,0.13921,0.987202,2694,-0.09752957400000001,0.23275708899999997,1.246842822,1.0,1.0,0.148850237,0.23,0.98,1.0,-0.455,0.06,1.0,0.29,0.083860833,0.8220000000000001,0.009257577,0.29100000000000004,0.529824251,0.32,0.398312257,-0.035,0.121,-0.067,0.129,-0.158,-0.195,0.24600000000000002,-0.233,0.253,-0.076,0.244,0.175,-0.258,-0.384,0.0005150630000000001,-0.071279884,0.002016965,0.010529852
34,DNAJC30,84277.0,ENSG00000176410,,,0.89391,0.89346,0.9999969999999999,16891,0.0016290710000000002,-0.245258959,0.6818766279999999,1.0,1.0,0.061587435999999995,-0.95,5.1200000000000005e-09,7.31e-05,-1.21,1.72e-06,0.025,-0.015,0.992801829,-0.722,0.705894812,-0.086,0.9508940220000001,0.307,0.40868028799999995,0.17800000000000002,0.062,-0.391,-0.445,-0.142,-0.21,-0.22,-0.48,0.191,-0.124,-0.326,-0.644,0.19,-0.28800000000000003,0.406469,0.008780856,0.616128048,-0.031020371
35,HIP1,3092.0,ENSG00000127946,0.48849721700000004,0.49027014700000004,0.38197,0.39921,0.9999969999999999,7555,-0.00255646,0.103627237,0.6967550220000001,1.0,1.0,0.17891437300000002,-0.065,0.502,1.0,-1.4609999999999999,0.047,1.0,-0.57,0.959193625,-1.297,0.45946367,-0.602,0.7673601320000001,-1.235,0.418337685,-0.168,-0.467,-2.155,-0.375,-0.609,-0.534,-1.038,-0.49,-0.6459999999999999,-0.9470000000000001,-0.62,-1.182,-1.003,-1.131,0.008503709,-0.036234367,0.41707800899999997,-0.024097463
36,GRB10,2887.0,ENSG00000106070,0.539792388,0.511954993,0.46613999999999994,0.47007,0.9999969999999999,8894,0.008308014,-1.265585929,3.78404169,1.0,1.0,0.036603832999999995,-1.2,0.000218,1.0,-0.128,0.517,1.0,-0.6,0.751945977,-0.483,0.973554967,-0.937,0.7258555609999999,-0.7120000000000001,0.422081065,-0.311,0.15,-0.682,-0.19899999999999998,0.073,-0.67,0.025,-0.115,-0.003,-0.196,-0.159,0.633,-0.43799999999999994,-0.065,4.61e-06,-0.08987594900000001,0.014127101000000001,0.032224931
37,ALKBH4,54784.0,ENSG00000160993,0.550925926,0.5225,0.33143,0.3599,0.9999969999999999,6815,0.043405503,-0.079482314,0.552338715,1.0,1.0,0.046917165,-0.23,0.064,1.0,-0.085,0.479,1.0,-0.083,0.7931639970000001,-0.139,0.682918606,0.35700000000000004,0.074289197,0.264,0.434398348,-0.066,0.106,-0.20600000000000002,-0.22899999999999998,-0.10800000000000001,0.185,-0.047,-0.23,0.039,-0.299,-0.239,-0.215,-0.073,-0.18600000000000003,0.029308483,-0.01165995,0.034826618,0.024907732000000002
38,DTX2,113878.0,ENSG00000091073,0.5042016810000001,0.582417582,0.07574299999999999,0.13194,0.987051,2547,0.008347315,-0.253631055,0.682088415,1.0,1.0,0.009872861,-0.29,0.003,1.0,-0.10800000000000001,0.29600000000000004,1.0,0.14,0.48206021600000004,0.518,0.041531043999999996,0.196,0.48889889299999995,0.11599999999999999,0.471337238,0.006,0.21,0.09699999999999999,0.345,0.35600000000000004,0.028999999999999998,0.23,-0.278,0.44799999999999995,0.299,0.091,0.174,0.21100000000000002,-0.08900000000000001,0.7352300190000001,-0.023617198,0.585253102,-0.0056702359999999995
39,ZNF277,11179.0,ENSG00000198839,0.500616861,0.441176471,0.31444,0.34723000000000004,0.9999969999999999,6596,0.020705900000000003,-0.343641495,0.8176895000000001,1.0,1.0,0.012391121000000001,-0.04,0.474,1.0,-0.083,0.541,1.0,0.071,0.8011577670000001,0.314,0.23516299100000002,0.379,0.28100009,0.345,0.47432886,0.272,0.157,-0.075,-0.063,0.177,0.23399999999999999,0.21600000000000003,-0.025,0.233,-0.539,-0.184,0.08900000000000001,-0.026000000000000002,0.059000000000000004,0.014641911,-0.016199519,0.768096062,0.003838315
40,HNRNPA2B1,3181.0,ENSG00000122566,0.35739561200000003,0.316810345,0.72917,0.72907,0.9999969999999999,13754,-0.022934747000000002,-0.1947329,0.624725794,1.0,1.0,0.627181233,-0.1,0.44299999999999995,1.0,0.16899999999999998,0.703,1.0,-0.54,0.20259914899999998,-0.614,0.695675486,-0.217,0.888732623,-0.838,0.48740780200000006,-2.355,-1.764,-2.59,-1.5659999999999998,-1.806,-1.953,-2.016,-2.188,-2.378,-1.5319999999999998,-1.859,-1.382,-0.9690000000000001,-2.27,0.00689758,-0.020053707,0.334264636,-0.031314461
41,SMO,6608.0,ENSG00000128602,0.533869116,0.461254613,0.9943799999999999,0.99441,0.9999969999999999,18937,-0.009445427,0.234930659,0.9169687590000001,1.0,1.0,0.094720919,-1.78,3.9799999999999995e-17,5.809999999999999e-13,-1.067,0.04,1.0,-0.048,0.9913096690000001,-0.32299999999999995,0.43429993100000003,0.215,0.714625829,-0.478,0.5025946370000001,-0.264,-0.287,-0.136,-0.158,0.183,-0.177,-0.115,-0.256,-0.039,-0.799,-0.396,0.033,-0.7240000000000001,-0.182,0.42154845799999996,-0.004236161,0.926329211,-0.0010301330000000001
42,GNAI1,2770.0,ENSG00000127955,0.513542795,0.475486381,0.0091,0.024236,0.9026280000000001,501,-0.002404898,-0.24968054399999998,0.7580423829999999,1.0,1.0,0.483095141,0.39,0.838,1.0,0.292,0.759,1.0,0.255,0.058292475999999996,0.696,0.006887941999999999,0.187,0.5866542379999999,0.18600000000000003,0.504377914,0.201,0.04,0.268,0.295,-0.1,0.078,0.292,0.038,0.243,0.16,-0.287,-0.252,0.625,-0.068,0.829918079,0.005084207,0.817020385,-0.013375142
43,PPIA,5478.0,ENSG00000196262,0.41282894700000006,0.505300353,0.12688,0.20488,0.99574,3929,-0.011636907,0.17980959800000001,0.8198787129999999,1.0,1.0,0.178673127,-0.07,0.28600000000000003,1.0,0.066,0.713,1.0,-1.015,0.8987336440000001,-2.016,0.24370182399999998,-0.447,0.985870822,-0.513,0.52101101,-1.841,-2.186,-2.0909999999999997,-0.9109999999999999,-0.904,-1.9180000000000001,-2.233,-1.5530000000000002,-2.358,-1.835,-1.172,-1.5390000000000001,-2.67,-1.449,0.000675081,-0.046605134000000006,0.674629988,-0.00393585
44,SYPL1,6856.0,ENSG00000008282,0.516363636,0.493249759,0.032436,0.068505,0.964407,1356,0.013703043,-0.655728437,1.5995673019999999,1.0,1.0,0.142440028,0.075,0.79,1.0,0.243,0.884,1.0,0.131,0.593115018,0.182,0.135301771,0.386,0.411515531,0.09300000000000001,0.5290478239999999,0.584,0.149,0.695,0.19899999999999998,0.29,0.154,0.064,-0.015,0.172,-0.04,0.301,0.07200000000000001,0.217,0.034,0.04630963900000001,0.01962721,0.6955778890000001,-0.006246117
45,LIMK1,3984.0,ENSG00000106683,0.580104712,0.5,0.12537,0.20274,0.99574,3883,-0.01982392,-0.537453815,1.160730403,1.0,1.0,0.192175526,-1.26,0.052000000000000005,1.0,-2.247,0.003,1.0,-0.044000000000000004,0.882663223,-0.601,0.17675550899999998,-0.07200000000000001,0.988784832,-0.126,0.5395556429999999,0.311,-0.067,-0.309,-0.128,-0.521,-0.235,-0.316,-0.292,-0.447,-0.6890000000000001,-0.096,-0.345,-0.298,0.095,0.045957329000000005,-0.025444706,0.254891844,-0.020876971
46,SEMA3C,10512.0,ENSG00000075223,0.497074756,0.581081081,0.14467,0.23013000000000003,0.996358,4403,-0.015068106999999999,0.19974471800000002,0.796500415,0.079620576,0.974856983,0.106625864,0.78,0.826,1.0,-1.5130000000000001,0.071,1.0,-0.08800000000000001,0.781041051,0.04,0.285237258,-0.152,0.913376168,-0.096,0.544269624,0.139,-0.08900000000000001,-0.16899999999999998,-0.013999999999999999,0.18899999999999997,-0.113,-0.16,-0.069,-0.32299999999999995,-0.171,-0.44,0.013000000000000001,-0.4,-0.267,0.043249631,-0.035298498,0.781702201,-0.007596564
47,TRIM4,89122.0,ENSG00000146833,0.568965517,0.558441558,0.28137,0.32322,0.9999969999999999,6155,0.0031614729999999997,-0.328196695,0.764693375,1.0,1.0,0.052429955,-0.01,0.526,1.0,0.43200000000000005,0.895,1.0,0.01,0.7567501440000001,-0.37799999999999995,0.950933397,0.166,0.577277416,0.08900000000000001,0.5664324479999999,0.249,-0.295,-0.239,-0.098,-0.243,0.13699999999999998,-0.168,-0.24,-0.408,-0.073,0.16399999999999998,0.034,-1.11,-0.217,0.030078804,-0.008387582,0.7807717359999999,0.0020961720000000003
48,ASL,435.0,ENSG00000126522,0.557522124,0.495176849,0.57324,0.57305,0.9999969999999999,10852,0.0040757829999999995,-0.073359858,0.546108899,1.0,1.0,0.23156432300000002,0.19,0.752,1.0,-0.484,0.297,1.0,-0.22899999999999998,0.44427403200000004,-0.32299999999999995,0.9001417820000001,-0.272,0.819108953,-0.36,0.599603116,-0.324,-0.258,-0.07400000000000001,-0.113,-0.326,-0.151,-0.29600000000000004,-0.156,-0.406,-0.25,0.075,-0.43799999999999994,-0.41700000000000004,-0.016,0.015383042,-0.020898989,0.9341993820000001,-0.006770176
49,ZC3HAV1L,92092.0,ENSG00000146858,0.566666667,0.545454545,0.028087,0.06204400000000001,0.961007,1234,-0.10166170699999999,0.100907421,0.772415878,1.0,1.0,0.034963902000000005,-0.19,0.366,1.0,0.545,0.7909999999999999,1.0,-0.152,0.934460515,-0.878,0.538846618,0.047,0.9071629929999999,-0.086,0.614537242,-0.03,-0.161,-0.358,-0.10800000000000001,-0.026000000000000002,-0.067,-0.14,-0.639,0.063,-0.258,-0.441,-0.493,-0.381,-0.21,0.016656251,-0.03027043,0.005701675,-0.020388393
50,PUS7,54517.0,ENSG00000091127,0.464262295,0.45100354200000004,0.11327000000000001,0.18555,0.9944379999999999,3565,0.010785745,-0.548810401,1.396751296,0.001263556,0.09875299900000001,0.683124735,-0.06,0.48100000000000004,1.0,0.024,0.618,1.0,-0.494,0.254597845,-0.617,0.40474791,-0.436,0.7431367609999999,-0.217,0.618039951,-0.418,-0.648,-1.105,-0.49,-0.26,-0.42200000000000004,-0.245,-0.563,-0.34600000000000003,-1.171,-0.205,-0.95,-0.055,-0.812,0.252698259,0.0126574,0.14938310000000002,0.006109282
51,ATXN7L1,222255.0,ENSG00000146776,0.517762352,0.49077371299999994,0.13498,0.21641,0.996358,4135,-0.041156811,-0.427682713,0.8907849179999999,1.0,1.0,0.079441498,-0.515,9.52e-06,0.133,-0.722,0.028999999999999998,1.0,-0.976,0.346905891,-1.8230000000000002,0.26792500199999997,-0.597,0.8107054840000001,-1.3319999999999999,0.649340179,-0.409,-1.486,-2.061,-0.447,-0.517,-1.1320000000000001,-1.135,-0.903,-1.339,-1.242,-0.971,-1.817,-0.35200000000000004,-1.517,0.01429662,-0.028856028,0.075486441,0.015556798
52,RALA,5898.0,ENSG00000006451,0.483104541,0.5126213589999999,0.42455,0.43416000000000005,0.9999969999999999,8235,-0.006805093000000001,-0.5744939929999999,1.316807406,1.0,1.0,0.328493164,0.235,0.825,1.0,0.207,0.8490000000000001,1.0,0.067,0.216031615,0.382,0.092190342,-0.006,0.876154475,0.217,0.651196477,0.28600000000000003,0.509,0.389,0.10099999999999999,0.15,0.32799999999999996,0.39799999999999996,0.41700000000000004,0.268,0.369,-0.063,0.441,0.62,0.20199999999999999,0.16494810599999998,0.021901287000000002,0.095779832,-0.027427967999999997
53,ZNF800,,ENSG00000048405,0.5,0.481624758,0.81376,0.8137,0.9999969999999999,15362,-0.003443445,0.019224774,0.684178952,0.045151440999999994,0.784156538,0.601578264,,,,,,,0.304,0.363447136,0.28600000000000003,0.142782299,0.07,0.802286323,0.126,0.6541973520000001,-0.14300000000000002,0.201,0.11699999999999999,-0.11599999999999999,0.45299999999999996,0.38299999999999995,0.261,0.442,0.207,-0.057,0.083,0.08900000000000001,-0.07400000000000001,0.255,0.0040138990000000005,-0.031474806,0.256546407,-0.001788044
54,CARD11,84433.0,ENSG00000198286,0.455621302,0.49840133,0.7865,0.7865,0.9999969999999999,14818,-0.007346839,-0.44256105700000004,1.3727739680000002,1.0,1.0,0.010765729,,,,,,,-0.05,0.6430627179999999,-0.473,0.9413883540000001,-0.19399999999999998,0.7834108479999999,-0.34,0.659275626,-0.326,-0.281,-0.5760000000000001,-0.373,-0.43200000000000005,-0.382,-0.272,-0.307,-0.386,-0.142,-0.6609999999999999,-0.321,-0.374,-0.392,0.6398285810000001,0.015223873,0.857970425,-0.111716568
55,AHR,,ENSG00000106546,0.515021459,0.470588235,0.056545000000000005,0.10402,0.9795860000000001,2029,-0.16969752,-0.223888384,0.7311302909999999,1.0,1.0,0.234702314,,,,,,,-0.48200000000000004,0.440073509,0.282,0.10559316199999999,0.319,0.111524075,0.012,0.7057590659999999,0.747,0.637,-0.141,-0.45899999999999996,-0.086,0.16899999999999998,-0.138,-1.379,-1.5219999999999998,0.133,-0.698,-0.171,0.31,-1.006,0.001330891,-0.206460275,0.55683553,0.016806771
56,ZNF862,,ENSG00000106479,0.5201793720000001,0.44274809200000004,0.059197,0.10789000000000001,0.982247,2093,0.014761099,-0.301684828,1.074593583,1.0,1.0,0.015654974,,,,,,,-0.237,0.991753938,-0.569,0.8744159859999999,0.239,0.48488430299999996,-0.131,0.734652572,-0.136,-0.485,-0.586,-0.233,-0.276,-0.5379999999999999,0.039,-0.09300000000000001,-0.158,-0.493,-0.485,-0.348,-0.28600000000000003,-0.297,0.018149877,-0.025043865,0.509026193,-0.004369761
57,KMT2C,58508.0,ENSG00000055609,0.420309219,0.5646711010000001,0.03734,0.075711,0.9714139999999999,1488,-0.013827144,-0.055063258,0.550527619,1.99e-27,1.8600000000000002e-24,0.9695054359999999,,,,,,,-0.193,0.7122250929999999,-1.115,0.744671926,-0.212,0.872572276,-0.9079999999999999,0.749599355,-0.52,-0.6970000000000001,-0.39399999999999996,-0.289,-0.018000000000000002,-0.45299999999999996,-0.228,-1.054,-1.4380000000000002,-0.905,-0.6659999999999999,-0.773,-0.907,-1.161,0.090691149,-0.028057072000000002,0.246894535,-0.004942856
58,KCTD7,154881.0,ENSG00000243335,0.54887218,0.542857143,0.5607800000000001,0.56047,0.9999969999999999,10618,0.010707854,0.112960714,0.712041314,1.0,1.0,0.082455769,-0.065,0.213,1.0,-0.045,0.537,1.0,-0.247,0.606234698,-0.22699999999999998,0.807666819,0.431,0.266723535,-0.305,0.753092613,-0.426,-0.302,-0.49700000000000005,-0.452,0.268,0.031,-0.017,-0.106,-0.336,-0.494,0.508,0.038,-0.6829999999999999,-0.424,0.0037393879999999997,-0.027807553,0.704016523,0.013199002
59,CUX1,1523.0,ENSG00000257923,0.483534398,0.452571194,0.14576,0.2317,0.996358,4441,-0.011205723,-0.07978865,0.751541221,0.0054218240000000004,0.265811671,0.47999169,-1.23,0.019,1.0,-1.8330000000000002,0.052000000000000005,1.0,-0.275,0.989305718,-0.46,0.36799108399999997,0.047,0.714625829,-0.20600000000000002,0.758410624,-0.23199999999999998,-0.28,-0.358,-0.121,0.091,-0.47,-0.1,0.201,-0.568,-1.06,-0.457,-0.172,-0.539,-0.5489999999999999,0.9176899629999999,0.004360634,0.078849177,-0.015397293999999999
60,HOXA10,3206.0,ENSG00000253293,0.493166964,0.5294784579999999,0.8246899999999999,0.8245,0.9999969999999999,15570,-0.084828678,-0.28470722600000004,0.778905304,1.0,1.0,0.131320882,0.31,0.8340000000000001,1.0,0.10800000000000001,0.701,1.0,-0.14300000000000002,0.611262854,0.18100000000000002,0.6866725640000001,0.473,0.016986064,0.19,0.762006458,0.40700000000000003,-0.040999999999999995,-0.475,0.099,-0.316,-0.29100000000000004,-0.292,-0.6759999999999999,0.14800000000000002,-0.248,0.26,-0.115,0.429,-0.37799999999999995,0.548323197,-0.02598043,0.40432301600000004,-0.011978288
61,VKORC1L1,154807.0,ENSG00000196715,0.464847849,0.531992687,0.21795,0.27946,0.9999969999999999,5334,-0.006496907,0.689619338,2.06919031,1.0,1.0,0.031698962000000004,-0.4,0.00055,1.0,-0.9420000000000001,5.660000000000001e-05,0.82,0.273,0.074251808,-0.124,0.7677933379999999,-0.319,0.17216624,-0.166,0.766255902,0.13,0.113,1.212,0.033,0.508,0.5820000000000001,0.265,-0.184,0.067,-0.159,0.053,-0.36,0.113,-0.031,0.000412272,-0.03401308,0.054796122,0.014269717
62,EIF2AK1,27102.0,ENSG00000086232,0.582191781,0.518867925,0.8427,0.84236,0.9999969999999999,15921,-0.066656119,-0.020115481,0.549461798,1.0,1.0,0.252832822,-0.29,0.151,1.0,-0.166,0.445,1.0,0.256,0.225043427,-0.038,0.568323213,0.26899999999999996,0.562701928,0.027000000000000003,0.777324555,-0.976,-0.013999999999999999,-1.061,0.317,-0.47700000000000004,-0.155,-0.39799999999999996,-0.166,-0.5479999999999999,0.21899999999999997,-1.216,-0.057999999999999996,-0.36700000000000005,-0.733,0.016897432,-0.015236503,0.748916657,-0.00091555
63,AP4M1,9179.0,ENSG00000221838,0.527613412,0.50591716,0.061111,0.11068,0.9824,2152,0.042701595,-0.764508781,1.7205106680000002,0.036987969,0.733745195,0.421826054,-0.45,0.025,1.0,0.127,0.688,1.0,-0.419,0.9913096690000001,-0.652,0.987747697,0.13,0.860495091,-0.191,0.781354598,0.018000000000000002,-0.42,0.158,-0.048,0.305,-0.496,-0.040999999999999995,-0.115,-0.401,-0.14300000000000002,-0.28300000000000003,-0.392,-0.22899999999999998,-0.607,0.589886019,-7.190000000000001e-05,0.734948658,-0.006856489
64,TMED4,222068.0,ENSG00000158604,0.483379501,0.49367088600000003,0.53591,0.53559,0.9999969999999999,10156,-0.011926104,-0.071925843,0.53106904,1.0,1.0,0.069994547,0.1,0.622,1.0,-0.7559999999999999,0.002,1.0,0.07200000000000001,0.649866567,0.158,0.32031074800000003,0.033,0.9032148729999999,-0.039,0.799860867,-0.158,-0.028999999999999998,-0.040999999999999995,-0.063,0.015,-0.152,-0.12300000000000001,-0.08800000000000001,0.341,0.002,0.045,-0.027000000000000003,-0.09300000000000001,-0.092,0.02715962,-0.017679616999999998,0.941844241,0.004082555999999999
65,CLDN15,24146.0,ENSG00000106404,0.40625,0.363636364,0.73924,0.73903,0.9999969999999999,13945,-0.041254837999999995,0.179457583,0.8339224820000001,1.0,1.0,0.121141309,-1.205,8.349999999999998e-69,1.2499999999999997e-64,-0.134,0.237,1.0,-0.33899999999999997,0.421847717,-0.33299999999999996,0.9734781220000001,0.08199999999999999,0.7197521709999999,-0.22,0.802902145,-0.805,-0.6629999999999999,-0.209,0.096,-0.47100000000000003,-0.28600000000000003,-0.51,-0.47600000000000003,-0.27899999999999997,-0.696,-1.034,-0.565,-0.655,-0.473,0.84530872,-0.002418314,0.732097997,-0.006237428000000001
66,PURB,5814.0,ENSG00000146676,1.0,0.0,0.50553,0.50634,0.9999969999999999,9584,0.012369213,-0.003334767,0.680674206,1.0,1.0,0.364328245,0.13,0.7809999999999999,1.0,-1.81,3.2899999999999996e-09,4.8700000000000005e-05,-0.011000000000000001,0.677372713,-0.171,0.83587281,0.077,0.974723378,-0.20199999999999999,0.80775328,-0.034,-0.166,0.079,-0.284,-0.075,0.019,0.569,-0.11699999999999999,-0.315,-0.08800000000000001,-0.312,-0.564,-0.062,-0.368,0.968442714,-0.0038592440000000004,0.205997343,-0.030157545
67,IGF2BP3,10643.0,ENSG00000136231,0.5214775429999999,0.499684675,0.80499,0.80495,0.9999969999999999,15182,-0.002830441,-0.14089681,0.69171405,1.0,1.0,0.09584322599999999,-1.305,1.0400000000000001e-19,1.53e-15,0.914,1.0,1.0,0.028999999999999998,0.363306499,-0.12,0.919441273,0.18899999999999997,0.925462401,-0.004,0.811953466,0.145,0.175,0.1,-0.301,-0.39299999999999996,-0.001,0.488,-0.34600000000000003,-0.318,0.201,-0.305,0.282,-0.304,0.379,0.031975431,-0.029546396000000003,0.918003955,0.011793798000000001
68,BRAF,673.0,ENSG00000157764,0.503166784,0.39251040200000004,0.47258999999999995,0.47584,0.9999969999999999,9009,0.007585371,0.111441358,0.769566857,1.0,1.0,0.038299812999999995,-1.4,1.0699999999999999e-07,0.002,1.072,0.9990000000000001,1.0,-0.342,0.28969894,-0.617,0.048694787,0.255,0.45372606200000004,-0.023,0.824227833,0.18100000000000002,0.091,0.255,-0.027000000000000003,-0.818,-1.18,0.158,-0.207,-0.759,-0.6859999999999999,-0.38799999999999996,-1.695,-1.357,-0.86,0.11409229,0.017194018999999998,0.11349732800000001,0.02494132
69,LMBR1,,ENSG00000105983,0.5053916,0.484808454,0.49351000000000006,0.495,0.9999969999999999,9372,0.028442806,-0.288775522,0.692841168,1.0,1.0,0.018704293,,,,,,,-0.53,0.797173771,-0.263,0.949545713,0.076,0.876094695,-0.183,0.8349739359999999,-0.35700000000000004,-0.406,-0.45399999999999996,-0.34,0.038,0.019,-0.195,-0.5660000000000001,-0.45799999999999996,-0.053,-0.679,0.079,-0.084,-0.479,0.27990902,-0.010565791000000001,0.049611380999999996,0.032283788
70,LRCH4,4034.0,ENSG00000077454,0.5414012739999999,0.497476871,0.1332,0.21388000000000001,0.996358,4089,-0.0027632620000000003,-0.28091832,0.7038079159999999,1.0,1.0,0.01012884,0.37,0.841,1.0,0.24600000000000002,0.758,1.0,-0.19399999999999998,0.773667975,-0.315,0.28859927399999996,0.131,0.7623711999999999,0.019,0.837640194,-0.16699999999999998,0.20600000000000002,0.35200000000000004,-0.051,0.064,0.23600000000000002,-0.184,0.02,-0.158,-0.444,-0.141,-0.45,-0.195,-0.003,0.469969664,0.0053149669999999994,0.034977287,-0.036265252000000005
71,STK17A,9263.0,ENSG00000164543,0.55511811,0.520467836,0.76246,0.7622899999999999,0.9999969999999999,14378,0.014831316,-0.06131386,0.679741725,1.0,1.0,0.476464557,-0.32,0.049,1.0,-0.149,0.304,1.0,0.147,0.258503441,0.128,0.1132479,0.07400000000000001,0.755362078,0.095,0.840196211,0.284,0.003,-0.018000000000000002,-0.138,-0.013000000000000001,-0.235,0.157,0.156,0.32,0.14800000000000002,-0.29600000000000004,-0.028999999999999998,0.066,0.20199999999999999,0.9535932020000001,-0.010244706999999999,0.7083450290000001,-0.026210572999999997
72,KMT2E,55904.0,ENSG00000005483,0.6425637829999999,0.595214021,0.8989799999999999,0.89856,0.9999969999999999,17003,-2.49e-05,-1.0944560620000001,3.246145005,0.009294686,0.36169883399999997,0.215083932,0.16,0.732,1.0,0.461,0.777,1.0,0.111,0.56344309,-0.326,0.645862067,0.242,0.532911858,-0.068,0.840770679,-0.16399999999999998,-0.026000000000000002,-0.21899999999999997,-0.106,-0.077,0.091,0.349,0.179,0.015,-0.384,-0.115,0.435,-0.21600000000000003,-0.07200000000000001,0.421209834,-0.037988348,0.597201318,0.022040199
73,CCZ1B,,ENSG00000146574,0.522292994,0.479289941,0.61693,0.61673,0.9999969999999999,11670,-0.007864138,0.148183624,0.70460941,1.0,1.0,0.092255215,,,,,,,0.17300000000000001,0.350082871,-0.364,0.905436965,-0.12,0.840221478,-0.002,0.844708977,-0.413,-0.495,-0.637,-0.6629999999999999,-1.091,-1.56,-0.927,0.17,-1.3969999999999998,-0.038,-0.768,-0.265,-0.295,-0.38299999999999995,0.699089009,0.005336329,0.34397590299999997,0.005722036
74,CREB5,9586.0,ENSG00000146592,0.501885212,0.46825396799999996,0.066535,0.11859000000000001,0.984455,2302,-0.077541993,-0.35671772799999996,0.8001194540000001,1.0,1.0,0.419030074,0.08,0.085,1.0,0.284,0.815,1.0,-0.852,0.722615803,-1.1440000000000001,0.47101302700000003,-0.43,0.856570389,-0.55,0.863197518,-0.8809999999999999,-0.94,-0.7709999999999999,-0.42200000000000004,-1.33,-0.99,-0.794,-0.41700000000000004,-0.585,-0.8370000000000001,-0.9890000000000001,-1.091,-0.899,-0.851,0.018555762,-0.019993594,0.031281756,-0.015290373999999999
75,ZSCAN25,221785.0,,,,0.48858999999999997,0.49046000000000006,0.9999969999999999,9276,-0.00792698,0.113051725,0.724005135,1.0,1.0,0.11640106300000001,-1.21,1.22e-09,1.74e-05,-1.411,0.006,1.0,-0.127,0.938957257,-0.14300000000000002,0.9634916590000001,0.064,0.775130688,-0.013999999999999999,0.8801679920000001,-0.373,-0.11199999999999999,-0.446,0.122,-0.358,-0.19899999999999998,-0.182,-0.077,-0.037000000000000005,-0.376,0.098,-0.237,-0.14300000000000002,-0.16399999999999998,0.611917419,0.008821204000000001,0.9861749940000001,-0.004548977
76,WASL,8976.0,ENSG00000106299,0.379042691,0.47330447299999995,0.7349100000000001,0.73473,0.9999969999999999,13858,-0.004851928,-0.598282524,1.631664351,1.0,1.0,0.316607204,0.145,0.858,1.0,-0.233,0.36200000000000004,1.0,-0.09300000000000001,0.36196619,-0.575,0.9184837140000001,-0.038,0.67717409,-0.552,0.92239454,-0.466,-0.321,-0.451,0.096,-0.506,0.01,-0.617,-0.301,-0.353,-0.39,-0.22,0.027999999999999997,-1.067,-0.166,0.551845122,-0.012589191000000001,0.875612176,-0.024774102000000003
77,TNRC18,,,,,0.78966,0.78968,0.9999969999999999,14875,-0.005100545,0.38841646799999996,1.388800059,0.008796824,0.348865972,0.468676026,,,,,,,-0.21899999999999997,0.965826063,-0.43799999999999994,0.7037010909999999,-0.159,0.985593355,-0.212,0.924785347,0.209,0.099,-0.28800000000000003,-0.254,-0.257,-0.425,-0.371,-0.5329999999999999,-0.6990000000000001,-0.233,-1.256,-1.005,-1.393,-0.16,0.010631736999999999,-0.033607141,0.17683636100000003,-0.010173138
78,ZNF92,168374.0,ENSG00000146757,0.454655381,0.5137931029999999,0.96485,0.96472,0.9999969999999999,18272,0.011843758999999999,0.10021086300000001,0.706363043,1.0,1.0,0.050591927,-0.02,0.583,1.0,-0.617,0.349,1.0,-0.106,0.763016157,-0.03,0.17509466,-0.013999999999999999,0.884410888,-0.22,0.9279688540000001,0.08900000000000001,-0.008,-0.5720000000000001,0.32299999999999995,-0.054000000000000006,0.047,0.039,0.006,-0.301,0.013999999999999999,0.606,-0.001,-0.08800000000000001,-0.20199999999999999,0.38868299799999995,0.000946887,0.595585633,-0.009681434000000001
79,CALN1,83698.0,,,,0.6370100000000001,0.63683,0.9999969999999999,12038,,-0.539342923,1.098287963,1.0,1.0,0.028154346,0.135,0.9059999999999999,1.0,-0.565,0.01,1.0,0.243,0.078472372,-0.14800000000000002,0.54828064,0.203,0.871415708,0.147,0.930848855,-0.313,-0.055,0.099,-0.221,-0.168,-0.193,-0.15,-0.42,0.251,-0.22899999999999998,0.256,-0.25,-0.079,-0.327,0.019361018,-0.022015305,0.286408965,-0.007904635
80,MOSPD3,64598.0,ENSG00000106330,0.49717514100000004,0.545454545,0.51927,0.51959,0.9999969999999999,9841,-0.02020832,0.194345525,0.86068816,1.0,1.0,0.010126116999999999,0.025,0.685,1.0,0.14400000000000002,0.848,1.0,-0.47600000000000003,0.879444806,-1.002,0.304918941,-0.298,0.830314453,-0.389,0.93559566,-0.08199999999999999,-0.297,-0.6829999999999999,-0.17800000000000002,-0.052000000000000005,-0.344,-0.09,-0.147,-0.955,-0.257,-0.684,-0.301,-0.7390000000000001,-0.18899999999999997,0.022030652999999997,-0.022315738999999998,0.819509803,0.000279545
81,DNAJB9,4189.0,ENSG00000128590,0.394396552,0.435779817,0.1617,0.24269000000000002,0.9970040000000001,4643,-0.019831166,-0.505764817,1.302439966,1.0,1.0,0.012216178999999999,0.04,0.682,1.0,0.317,0.727,1.0,-0.08199999999999999,0.7531079829999999,0.341,0.573170146,0.302,0.467935249,-0.10099999999999999,0.9396870390000001,-0.128,0.294,0.354,-0.032,-0.055999999999999994,0.062,0.35700000000000004,0.055,0.242,0.156,0.255,-0.255,-0.555,-0.113,0.651531788,0.02249353,0.634068136,-0.007980556
82,C1GALT1,,,,,0.76473,0.76453,0.9999969999999999,14422,-0.017888466000000002,-0.051785476,0.538875303,0.08436379199999999,0.974856983,0.313724873,,,,,,,0.21,0.6925550290000001,0.34299999999999997,0.18980870100000002,0.11699999999999999,0.72783146,0.061,0.959375898,0.32899999999999996,-0.10400000000000001,0.11800000000000001,0.428,-0.011000000000000001,-0.16699999999999998,0.12,-0.113,0.505,0.46399999999999997,0.289,0.105,0.536,0.615,0.291430708,0.006242302,0.404979811,-0.001067243
83,ZNF789,285989.0,ENSG00000198556,0.48989899,0.46791443899999996,0.097062,0.16237000000000001,0.9881989999999999,3135,-0.03806737,-0.308892597,0.7381767159999999,1.0,1.0,0.014027448999999999,-0.24,0.457,1.0,0.8390000000000001,0.753,1.0,-0.191,0.187291953,-0.35,0.830371403,0.125,0.6873708079999999,-0.01,0.9630301240000001,-0.204,0.192,-0.105,-0.105,0.057999999999999996,0.14300000000000002,-0.038,-0.39799999999999996,-0.034,-0.262,-0.45,-0.064,0.317,-0.031,0.0028226329999999997,-0.016562442,0.031031111,0.02806089
84,PTPN12,5782.0,ENSG00000127947,0.587347232,0.589197225,0.8094,0.8093600000000001,0.9999969999999999,15272,-0.017090538,-0.18553865,0.599211852,0.035749447000000004,0.7250422540000001,0.34303746799999996,-0.2,0.455,1.0,-0.769,0.308,1.0,0.6,0.06459269200000001,-0.23800000000000002,0.927014218,0.08199999999999999,0.6725422440000001,-0.18600000000000003,0.975295586,0.113,0.493,-0.281,-0.21899999999999997,0.18,-0.474,0.324,0.034,0.005,-0.516,-0.192,-0.18100000000000002,0.027999999999999997,-0.055,0.003202081,-0.044908232,0.8926251470000001,-0.054846675
85,ZDHHC4,55146.0,ENSG00000136247,0.50048216,0.50877193,0.57525,0.57508,0.9999969999999999,10887,0.005193647,0.19586442199999998,0.9996773809999999,0.059809786,0.875472935,0.28282461600000003,-0.13,0.096,1.0,0.113,0.614,1.0,-0.003,0.819807593,-0.284,0.846173675,-0.11900000000000001,0.940321428,0.045,0.980167254,0.042,0.315,-0.034,-0.374,-0.11699999999999999,-0.38,0.12300000000000001,-0.217,0.184,0.037000000000000005,-0.293,-0.033,-0.054000000000000006,-0.133,0.26180922100000004,-0.020650853,0.505855045,-0.030522538
86,IRF5,3663.0,ENSG00000128604,0.575892857,0.5087036189999999,0.41302,0.42456000000000005,0.9999969999999999,8046,-0.019635693,-0.21125448600000002,0.68728868,1.0,1.0,0.038136806,-1.115,2.84e-07,0.004,-0.7859999999999999,0.10099999999999999,1.0,-0.18899999999999997,0.650420669,-0.659,0.26487372,0.32799999999999996,0.20815181600000002,-0.14400000000000002,0.981285787,0.259,0.3,0.193,-0.23399999999999999,-0.23600000000000002,0.043,0.21600000000000003,-0.061,-0.11900000000000001,-0.011000000000000001,-0.168,-0.262,-0.8540000000000001,0.16699999999999998,0.716945437,-0.080557746,0.58833985,0.007845234
87,TRIP6,7205.0,ENSG00000087077,0.512331839,0.474304069,0.00060164,0.0022234999999999998,0.769456,54,-0.005592262,-0.32339576800000003,0.9249925370000001,0.04416136,0.779410477,0.059943837,0.045,0.275,1.0,-0.17600000000000002,0.203,1.0,-0.289,0.77470606,-0.7929999999999999,0.573514376,-0.11599999999999999,0.972664429,-0.18899999999999997,0.985121956,-0.21100000000000002,-0.263,-0.72,-0.435,-0.17600000000000002,0.042,-0.439,0.013999999999999999,-0.14300000000000002,-0.484,-0.593,-0.69,-0.679,-0.48700000000000004,0.143283207,0.007462722,0.45533062799999996,-0.038138606
88,SP4,6671.0,ENSG00000105866,0.511612903,0.54318618,0.5206,0.52079,0.9999969999999999,9869,-0.009942786,0.170915204,0.859644388,1.0,1.0,0.290516354,-1.16,0.001,1.0,-3.81,0.008,1.0,0.033,0.847918081,0.066,0.498609485,0.037000000000000005,0.8945832029999999,-0.158,0.9870885620000001,-0.34700000000000003,0.28300000000000003,-0.061,0.055,0.024,-0.5720000000000001,0.17300000000000001,-0.028999999999999998,0.244,-0.045,-0.054000000000000006,0.165,0.214,-0.009000000000000001,0.032661847,-0.026252839,0.467554952,-0.042154767999999995
89,JAZF1,221895.0,ENSG00000153814,0.533993276,0.49352750799999995,0.55171,0.5513600000000001,0.9999969999999999,10448,-0.03230679,0.006870205,0.562040123,1.0,1.0,0.058605753,-0.3,0.16899999999999998,1.0,-0.147,0.494,1.0,0.055,0.614395155,0.261,0.33157560399999997,0.39799999999999996,0.252462126,-0.066,0.989112419,-0.768,-0.192,-0.773,-0.051,-0.221,-0.38299999999999995,-0.7340000000000001,-0.6579999999999999,-0.498,-0.139,-0.376,-0.18100000000000002,-0.042,-0.581,0.0036289990000000004,-0.023551852999999998,0.071414283,-0.081982024
90,AP5Z1,9907.0,ENSG00000242802,0.529166667,0.581395349,0.6157600000000001,0.61552,0.9999969999999999,11656,-0.017984262,-0.692336273,1.5789592959999998,1.0,1.0,0.048236435,-0.01,0.447,1.0,-0.053,0.489,1.0,0.057,0.45609063899999996,-0.018000000000000002,0.87192213,0.741,0.040515936,-0.09300000000000001,0.991635532,-0.179,-0.122,0.41200000000000003,-0.19,-0.376,-0.17600000000000002,-0.066,-0.429,0.08900000000000001,0.24600000000000002,-0.235,-0.226,-0.235,-0.046,0.273577996,0.004538938,0.034254178999999996,-0.031518481
91,LUC7L2,51631.0,,,,0.36035,0.38215,0.9999969999999999,7236,-0.01303124,-0.34104164600000003,0.796933115,0.008128301999999999,0.332228783,0.875265445,-1.09,1.9e-13,2.7600000000000004e-09,-0.95,0.000174,1.0,-0.987,0.001935995,-1.534,0.011230158999999998,0.067,0.683805353,-0.19,0.991635532,-0.005,-1.055,0.364,-0.312,-1.127,-1.379,0.747,-0.11,-1.2690000000000001,-0.991,-0.914,-0.946,-2.6060000000000003,-0.557,0.023538012999999997,-0.015354312,0.546132414,0.018417771
92,PLOD3,8985.0,ENSG00000106397,0.518147685,0.520547945,0.4799,0.48255,0.9999969999999999,9113,-0.014587356000000001,-0.20265737399999997,0.6466461689999999,0.09398672300000001,0.974856983,0.21062804699999998,0.01,0.40399999999999997,1.0,-0.49700000000000005,0.084,1.0,-0.2,0.635618195,-0.41,0.301527631,0.38299999999999995,0.276152811,-0.062,0.9955226840000001,0.134,0.087,-0.155,-0.198,0.077,-0.191,0.057999999999999996,-0.6859999999999999,-0.43200000000000005,-0.258,-0.27,-0.319,-0.26899999999999996,-0.175,0.8967802909999999,-0.026065799,0.224645989,-0.014343361
93,ISPD,,ENSG00000214960,0.496779536,0.495055022,0.34292,0.36866,0.9999969999999999,6974,0.030584191,0.032289218,0.5897898020000001,1.0,1.0,0.053308982000000005,,,,,,,,,,,,,,,0.145,0.017,-0.261,-0.057999999999999996,-0.192,-0.313,0.12300000000000001,-0.5539999999999999,-0.377,0.126,-0.374,0.254,-0.207,-0.366,0.025745359,-0.019853407,0.138987164,-0.052489589
94,TARP,,,,,0.6645300000000001,0.66419,0.9999969999999999,12533,,0.044464943,0.660887923,1.0,1.0,0.647911979,,,,,,,,,,,,,,,0.21,0.122,1.103,-0.133,0.152,0.114,0.21100000000000002,0.43799999999999994,0.113,0.455,0.045,0.048,0.575,0.65,0.539946212,-0.012642393,0.443288315,-0.00994937
95,TMEM120A,83862.0,,,,0.82131,0.8212,0.9999969999999999,15499,-0.014349345,0.674644322,2.018188496,1.0,1.0,0.108047401,-1.35,1.26e-44,1.8799999999999997e-40,-0.34700000000000003,0.051,1.0,,,,,,,,,0.066,-0.33899999999999997,-0.28800000000000003,-0.152,-0.126,0.26899999999999996,0.37799999999999995,0.233,0.184,-0.161,-0.322,-0.337,-0.14,-0.157,0.155952168,-0.004993277,0.7360460409999999,0.005924418000000001
