,Gene,X,Campbell2018.CGCv73,Cancer5000.S,ACC,BLCA,BRCA,CESC,COREAD,ESCA,GBM,HNSC,KICH,KIRC,KIRP,LAML,LGG,LIHC,LUAD,LUSC,MESO,OV,PAAD,PCPG,PRAD,SARC,SKCM,STAD,TGCT,THCA,THYM,UCEC,UCS,PANCANCER,Combined,Name,Entrez.GeneId,Genome.Location,CGC.Tier,Hallmark,Chr.Band,Somatic,Germline,Tumour.Types.Somatic.,Tumour.Types.Germline.,Cancer.Syndrome,Tissue.Type,Molecular.Genetics,Role.in.Cancer,Mutation.Types,Translocation.Partner,Other.Germline.Mut,Other.Syndrome,Synonyms,Chen2019.pos.score,pos.p.value,pos.fdr,pos.rank,Weissman2014.CRISPRi.Growth.phenotype..mean.of.top.3.gammas.,CRISPRa.Growth.phenotype..mean.of.top.3.gammas.,Doench2018.Average.LFC,Average..log.p.values.,Elledge2013.N_Silent,N_Missense,N_LOF,N_Splicing,N_TotalMut,CDS_length,Average_Polyphen2Score,HiFI_Missense,Benign,Mutations.per.Kb,LOF.Silent.,LOF.Benign.,pvalue_LOF.Benign,qvalue_LOF.Benign,Splicing.Benign.,pvalue_Splicing.Benign,qvalue_Splicing.Benign,MissDamaging.Benign.,pvalue_MissDamaging.Benign,qvalue_MissDamaging.Benign,pvalue_Deletion_GISTIC2,qvalue_Deletion_GISTIC2,TUSON_p_value_TSG,TUSON_q_value_TSG,TSG_Probability_LASSO,Chromosome,Entrez.GeneID,Elledge2019.HMEC.Average.Log2FC.Enrich,HMEC.Combined.pvalue.enrich,HMEC.FDR.enrich,HMEC.Average.Log2FC.Drop,HMEC.Combined.pvalue.drop,HMEC.FDR.drop,HPNE.Average.Log2.Enrich,HPNE.Combined.pvalue.enrich,HPNE.FDR.enrich,HPNE.Average.Log2.Drop,HPNE.Combined.pvalue.drop,HPNE.FDR.drop,HSC.logCPM,Sabbatini2015.sgRNAs.included,KBM7.CS,KBM7.adjusted.p.value,K562.CS,K562.adjusted.p.value,Jiyoye.CS,Jiyoye.adjusted.p.value,Raji.CS,Raji.adjusted.p.value,Sabbatini2015.GTS,Sabbatini2017.sgRNAs.included,EOL.1,HEL,Molm.13,MonoMac1,MV4.11,NB4..replicate.1.,NB4..replicate.2.,OCI.AML2,OCI.AML3,OCI.AML5,P31.FUJ,PL.21,SKM.1,TF.1,THP.1,Wallace.DEseq2.Log2.Fold.Change,DEseq2.P.Value,WEissman2016a.Rep1.Mann.Whitney.p.value,average.phenotype.of.strongest.3,Rep2.Mann.Whitney.p.value,average.phenotype.of.strongest.3.1,Rep1_2.Mann.Whitney.p.value,average.phenotype.of.strongest.3.2,Weissman2016_CRISPRi.Rep1.Mann.Whitney.p.value,average.phenotype.of.strongest.3,Rep2.Mann.Whitney.p.value,average.phenotype.of.strongest.3.1,Rep1_2.Mann.Whitney.p.value,average.phenotype.of.strongest.3.2
1,ACTB,1,NA,NA,NA,NA,NA,NA,NA,NA,NA,NA,NA,NA,NA,NA,NA,NA,NA,NA,NA,NA,NA,NA,NA,NA,NA,NA,NA,NA,NA,NA,NA,NA,NA,NA,NA,NA,NA,NA,NA,NA,NA,NA,NA,NA,NA,NA,NA,NA,NA,NA,NA,NA,0.94026,0.94008,0.999997,17806,-0.014110272,-0.009181852,-0.130356901,0.549255058,0,40,2,0,42,1128,0.57724,25,16,37.234,3.142857143,0.126436782,0.704901425,1,0,1,1,1.485714286,0.024391597,0.412459916,3.95E-09,1.35E-08,1,1,0.025552925,7,60,0.515,2.64E-14,3.94E-10,0.515,1,1,0.446,0.051,1,0.446,0.84,1,12.42897429,10,-1.648,0.000273834,0.01,0.621144185,-0.379,0.342642178,-1.302,0.018835723,NA,10,-0.77,-1.199,-1.984,-2.669,-1.333,-1.071,-0.984,-0.951,-0.962,-2.588,-3.174,-2.325,-0.924,-1.645,-3.157,NA,NA,0.050681173,-0.035596978,0.020964518,-0.036719597,0.006687654,-0.032164147,0.373590308,0.031033579,0.138502659,-0.05459822,0.913382635,-0.001176008
2,HNRNPA2B1,2,NA,NA,NA,NA,NA,NA,NA,NA,NA,NA,NA,NA,NA,NA,NA,NA,NA,NA,NA,NA,NA,NA,NA,NA,NA,NA,NA,NA,NA,NA,NA,NA,NA,heterogeneous nuclear ribonucleoprotein A2/B1,3181,7:26190125-26200577,1,Yes,7p15,yes,,prostate,,,E,Dom,"oncogene, fusion",T,ETV1,,,"3181,ENSG00000122566,HNRNPA2B1,HNRPA2B1,P22626",0.72917,0.72907,0.999997,13754,-0.000538988,-0.022934747,-0.1947329,0.624725794,3,21,3,4,31,1026,0.4562,11,9,30.2144,0.864864865,0.307692308,0.262859418,1,0.288461538,0.000425721,0.098998948,1.142857143,0.100058465,0.745415987,0.999998896,1,1,1,0.627181233,7,3181,-0.1,0.713,1,-0.1,0.443,1,0.169,0.46,1,0.169,0.703,1,10.21399332,8,-0.54,0.202599149,-0.614,0.695675486,-0.217,0.888732623,-0.838,0.487407802,0.247,10,-2.355,-1.764,-2.59,-1.566,-2.1,-1.806,-1.953,-2.016,-2.188,-2.378,-1.532,-1.859,-1.382,-0.969,-2.27,-1.757799823,8.90E-05,0.21173812,-0.025414038,0.015769837,-0.026769017,0.00689758,-0.020053707,0.911628504,-0.019717139,0.067060287,-0.033107075,0.334264636,-0.031314461
3,IKZF1,3,NA,NA,NA,NA,NA,NA,NA,NA,NA,NA,NA,NA,NA,NA,NA,NA,NA,NA,NA,NA,NA,NA,NA,NA,NA,NA,NA,NA,NA,NA,NA,NA,NA,IKAROS family zinc finger 1,10320,7:50319062-50400628,1,,7p12.2,yes,,"ALL, DLBCL",,,L,Dom/Rec,"TSG, fusion","D,T",BCL6,,,"10320,ENSG00000185811,IKZF1,Q13422,ZNFN1A1",0.80726,0.80725,0.999997,15232,-0.010410297,-0.087810925,0.569285339,1.53368153,29,47,2,1,79,1560,0.6099355,28,41,50.641,0.074074074,0.051886792,0.983228417,1,0,0.721537582,1,0.682352941,0.609199407,1,0.016444231,0.040987695,1,1,0.029157148,7,10320,-2.81,1,1,-2.81,1.69E-19,2.47E-15,-1.862,0.996,1,-1.862,0.004,1,8.592784782,9,-0.205,0.882928449,-0.496,0.334477294,-0.986,0.053192678,-1.126,0.074577148,0.505,10,-1.638,-0.135,-1.498,-1.671,-1.525,-1.54,-2.353,-1.323,-1.244,-2.038,-0.516,-1.773,-0.155,-0.551,-1.766,NA,NA,2.65E-05,-0.048937471,0.025709266,-0.01873456,0.000684551,-0.041884986,0.075797346,-0.024229164,0.270592404,-0.017133222,0.100815595,-0.021266041
4,SND1,4,NA,NA,NA,NA,NA,NA,NA,NA,NA,NA,NA,NA,NA,NA,NA,NA,NA,NA,NA,NA,NA,NA,NA,NA,NA,NA,NA,NA,NA,NA,NA,NA,NA,staphylococcal nuclease and tudor domain containing 1,27044,7:127652374-128092058,1,,7q31.3,yes,,pancreas acinar carcinoma,,,E,Dom,"oncogene, fusion",T,BRAF,,,"27044,ENSG00000197157,Q7KZF4,SND1",0.092595,0.15599,0.988199,3015,-0.029502778,0.01060805,-0.645596588,1.511407487,16,41,5,4,66,2733,0.5882759,23,29,24.1493,0.311377246,0.171052632,0.445167375,1,0.098684211,0.015304592,0.638569691,0.786885246,0.364613673,1,8.84E-09,3.00E-08,1,1,0.15678009,7,NA,NA,NA,NA,NA,NA,NA,NA,NA,NA,NA,NA,NA,8.456931431,8,-0.212,0.830436942,-0.444,0.951353385,0.117,0.816141951,0.505,0.118956679,0.501,10,0.228,-0.127,-0.378,-0.105,-0.52,0.034,0.004,-0.191,-0.077,-0.312,0.428,-0.792,-0.681,-0.516,0.053,NA,NA,0.442298008,-0.008047006,0.16779835,-0.01000982,0.165497764,-0.01795747,0.022024231,-0.027785509,0.947708816,-0.017442988,0.08912504,-0.015184325
5,YWHAG,5,NA,NA,NA,NA,NA,NA,NA,NA,NA,NA,NA,NA,NA,NA,NA,NA,NA,NA,NA,NA,NA,NA,NA,NA,NA,NA,NA,NA,NA,NA,NA,NA,NA,NA,NA,NA,NA,NA,NA,NA,NA,NA,NA,NA,NA,NA,NA,NA,NA,NA,NA,NA,0.56916,0.56891,0.999997,10772,0.003491426,-0.054902135,-0.826659342,1.972655648,3,13,1,0,17,744,0.7311,8,5,22.8495,0.324324324,0.1875,0.653810103,1,0,1,1,1.384615385,0.168343766,0.876560863,0.999999998,1,1,1,0.14307733,7,7532,0.095,0.052,1,0.095,0.76,1,-2.934,1,1,-2.934,4.25E-24,6.39E-20,8.357321367,10,-0.11,0.758011232,0.029,0.11926626,-0.611,0.396973573,-0.598,0.244806678,0.548,10,-0.083,-0.309,-1.263,-0.25,-0.565,-0.109,0.07,-0.669,-0.748,-0.345,-1.01,-0.75,-0.691,-0.453,-0.311,NA,NA,0.032006132,-0.028848801,0.033221845,-0.033559699,0.010080796,-0.03120425,0.73554848,-0.030253893,0.755760595,-0.012903985,0.901611879,-0.01861098
6,EIF2AK1,6,NA,NA,NA,NA,NA,NA,NA,NA,NA,NA,NA,NA,NA,NA,NA,NA,NA,NA,NA,NA,NA,NA,NA,NA,NA,NA,NA,NA,NA,NA,NA,NA,NA,NA,NA,NA,NA,NA,NA,NA,NA,NA,NA,NA,NA,NA,NA,NA,NA,NA,NA,NA,0.8427,0.84236,0.999997,15921,0.020932038,-0.066656119,-0.020115481,0.549461798,9,33,3,5,50,1893,0.4370952,13,27,26.4131,0.329896907,0.112676056,0.832069705,1,0.14084507,0.002581099,0.271266544,0.49122807,0.878176618,1,1.19E-09,4.14E-09,1,1,0.252832822,7,27102,-0.29,0.821,1,-0.29,0.151,1,-0.166,0.711,1,-0.166,0.445,1,8.285812163,9,0.256,0.225043427,-0.038,0.568323213,0.269,0.562701928,0.027,0.777324555,NA,10,-0.976,-0.014,-1.061,0.317,-0.434,-0.477,-0.155,-0.398,-0.166,-0.548,0.219,-1.216,-0.058,-0.367,-0.733,NA,NA,0.031131187,-0.032628862,0.052017854,-0.013879249,0.016897432,-0.015236503,0.82177197,0.006262044,0.354302838,0.004634964,0.748916657,-0.00091555
7,KMT2C,7,TRUE,TRUE,1,1.00E-05,2.00E-11,0.5303,1,1,1,1,1,1,0.6858,1,1,1,1,0.6958,1,1,1,1,0.0729,1,1,0.9439,1,1,1,1,1,0,0,lysine (K)-specific methyltransferase 2C,58508,7:152136832-152435786,1,Yes,7q36.1,yes,,medulloblastoma,,,O,Rec,TSG,N,,,,"58508,ENSG00000055609,KMT2C,MLL3,Q8NEZ4",0.03734,0.075711,0.971414,1488,-0.02165948,-0.013827144,-0.055063258,0.550527619,64,344,158,15,581,14736,0.583748,201,161,39.4273,2.445131376,0.974137931,1.68E-28,1.63E-25,0.080049261,0.013284827,0.602606327,1.243076923,4.06E-05,0.007331357,2.84E-32,1.93E-31,1.99E-27,1.86E-24,0.969505436,7,NA,NA,NA,NA,NA,NA,NA,NA,NA,NA,NA,NA,NA,8.211540574,10,-0.193,0.712225093,-1.115,0.744671926,-0.212,0.872572276,-0.908,0.749599355,0.559,10,-0.52,-0.697,-0.394,-0.289,0.208,-0.018,-0.453,-0.228,-1.054,-1.438,-0.905,-0.666,-0.773,-0.907,-1.161,NA,NA,0.747464249,0.012841454,0.007212874,-0.048138855,0.090691149,-0.028057072,0.268820042,0.012577675,0.683312189,-0.003773063,0.246894535,-0.004942856
8,MCM7,8,NA,NA,NA,NA,NA,NA,NA,NA,NA,NA,NA,NA,NA,NA,NA,NA,NA,NA,NA,NA,NA,NA,NA,NA,NA,NA,NA,NA,NA,NA,NA,NA,NA,NA,NA,NA,NA,NA,NA,NA,NA,NA,NA,NA,NA,NA,NA,NA,NA,NA,NA,NA,0.72494,0.72481,0.999997,13679,0.007302591,-0.099646682,-0.243139894,0.719576168,13,39,8,1,61,1632,0.7012333,27,20,37.3775,0.598540146,0.38317757,0.022426167,0.546771303,0.046728972,0.464401321,1,1.302325581,0.016486157,0.337793531,1,1,0.010271812,0.382968404,0.651405722,7,4176,-0.08,0.858,1,-0.08,0.258,1,0.19,0.233,1,0.19,0.797,1,7.939267041,8,-2.674,0.004885474,-2.531,0.019920441,-2.384,0.004388801,-1.965,0.003534303,0.261,10,-2.779,-3.038,-3.451,-1.285,-2.536,-1.624,-2.217,-2.592,-2.385,-3.472,-3.049,-1.725,-1.879,-2.898,-3.325,NA,NA,0.808584579,-0.015312031,0.412794604,-0.01462731,0.529921244,-0.01496967,0.31246544,-0.04152284,0.377792904,-0.094401414,0.308964257,-0.069984494
9,KMT2E,9,NA,NA,NA,NA,NA,NA,NA,NA,NA,NA,NA,NA,NA,NA,NA,NA,NA,NA,NA,NA,NA,NA,NA,NA,NA,NA,NA,NA,NA,NA,NA,NA,NA,NA,NA,NA,NA,NA,NA,NA,NA,NA,NA,NA,NA,NA,NA,NA,NA,NA,NA,NA,0.89898,0.89856,0.999997,17003,0.015184261,-2.49E-05,-1.094456062,3.246145005,17,80,15,4,116,5577,0.4949333,41,47,20.7997,0.858757062,0.314049587,0.014321764,0.434004138,0.082644628,0.062085272,1,0.865979381,0.074872362,0.654173945,0.999729948,1,0.009294686,0.361698834,0.215083932,7,55904,0.16,0.406,1,0.16,0.732,1,0.461,0.304,1,0.461,0.777,1,7.864226826,9,0.111,0.56344309,-0.326,0.645862067,0.242,0.532911858,-0.068,0.840770679,0.586,9,-0.164,-0.026,-0.219,-0.106,-0.576,-0.077,0.091,0.349,0.179,0.015,-0.384,-0.115,0.435,-0.216,-0.072,NA,NA,0.959038321,-0.040481761,0.340457141,-0.039039643,0.421209834,-0.037988348,0.260538269,0.005919845,0.010937209,0.028349471,0.597201318,0.022040199
10,ZC3HAV1,10,NA,NA,NA,NA,NA,NA,NA,NA,NA,NA,NA,NA,NA,NA,NA,NA,NA,NA,NA,NA,NA,NA,NA,NA,NA,NA,NA,NA,NA,NA,NA,NA,NA,NA,NA,NA,NA,NA,NA,NA,NA,NA,NA,NA,NA,NA,NA,NA,NA,NA,NA,NA,0.402,0.41545,0.999997,7875,-0.013079603,0.072369718,-0.163840304,0.607535697,17,43,5,0,65,2709,0.3139697,13,39,23.9941,0.293785311,0.128712871,0.664249602,1,0,1,1,0.345679012,0.990579259,1,1.45E-08,4.87E-08,1,1,0.037858279,7,56829,-1.63,1,1,-1.63,3.11E-10,4.47E-06,-4.272,1,1,-4.272,7.41E-08,0.001,7.860306142,9,0.399,0.083282351,-0.863,0.194761866,0.292,0.521533903,0.199,0.303497144,0.499,10,-0.241,0.081,-0.261,-0.161,-0.43,-0.473,-0.905,-0.292,-0.302,-0.542,-0.761,-0.08,-0.05,-0.775,-0.077,NA,NA,0.002021816,0.039007715,0.034991876,0.058874523,0.001667374,0.043515969,0.147444005,-0.032897571,0.312106393,0.028985851,0.117264691,0.015522228
11,PTPN12,11,NA,NA,NA,NA,NA,NA,NA,NA,NA,NA,NA,NA,NA,NA,NA,NA,NA,NA,NA,NA,NA,NA,NA,NA,NA,NA,NA,NA,NA,NA,NA,NA,NA,NA,NA,NA,NA,NA,NA,NA,NA,NA,NA,NA,NA,NA,NA,NA,NA,NA,NA,NA,0.8094,0.80936,0.999997,15272,-0.029341332,-0.017090538,-0.18553865,0.599211852,7,42,8,2,59,2343,0.5329737,23,22,25.1814,1.064935065,0.35042735,0.049922004,0.793406891,0.085470085,0.155285445,1,1.021276596,0.109314786,0.745415987,0.999999998,1,0.035749447,0.725042254,0.343037468,7,5782,0.02,0.58,1,-0.2,0.455,1,-0.347,0.729,1,-0.769,0.308,1,7.666805211,7,0.6,0.064592692,-0.238,0.927014218,0.082,0.672542244,-0.186,0.975295586,0.634,9,0.113,0.493,-0.281,-0.219,-0.094,0.18,-0.474,0.324,0.034,0.005,-0.516,-0.192,-0.181,0.028,-0.055,NA,NA,0.000301172,-0.05530697,0.038614224,-0.020039246,0.003202081,-0.044908232,0.165458622,-0.050511498,0.33011838,-0.042338541,0.892625147,-0.054846675
12,HIP1,12,NA,NA,NA,NA,NA,NA,NA,NA,NA,NA,NA,NA,NA,NA,NA,NA,NA,NA,NA,NA,NA,NA,NA,NA,NA,NA,NA,NA,NA,NA,NA,NA,NA,huntingtin interacting protein 1,3092,7:75538172-75738920,1,Yes,7q11.23,yes,,"CMML, NSCLC",,,"L, E",Dom,"oncogene, fusion",T,"PDGFRB, ALK",,,"3092,ENSG00000127946,HIP1,O00291",0.38197,0.39921,0.999997,7555,-0.050789603,-0.00255646,0.103627237,0.696755022,19,57,5,1,82,3117,0.5662121,29,43,26.3073,0.263959391,0.117117117,0.808569564,1,0.022522523,0.729694934,1,0.674157303,0.534903579,1,0.999999998,1,1,1,0.178914373,7,3092,-0.065,0.651,1,-0.065,0.502,1,-1.461,0.821,1,-1.461,0.047,1,7.661101161,10,-0.57,0.959193625,-1.297,0.45946367,-0.602,0.767360132,-1.235,0.418337685,0.496,10,-0.168,-0.467,-2.155,-0.375,-0.384,-0.609,-0.534,-1.038,-0.49,-0.646,-0.947,-0.62,-1.182,-1.003,-1.131,NA,NA,0.002113734,-0.028091876,0.154902725,-0.046837341,0.008503709,-0.036234367,0.631115201,0.000201921,0.390183426,-0.0444087,0.417078009,-0.024097463
13,TNRC18,13,NA,NA,NA,NA,NA,NA,NA,NA,NA,NA,NA,NA,NA,NA,NA,NA,NA,NA,NA,NA,NA,NA,NA,NA,NA,NA,NA,NA,NA,NA,NA,NA,NA,NA,NA,NA,NA,NA,NA,NA,NA,NA,NA,NA,NA,NA,NA,NA,NA,NA,NA,NA,0.78966,0.78968,0.999997,14875,-0.024361607,-0.005100545,0.388416468,1.388800059,28,71,13,1,113,1275,0.648561,43,44,88.6275,0.459930314,0.290748899,0.011171375,0.382078818,0.022026432,0.745299748,1,0.967032967,0.065162227,0.621617423,3.62E-11,1.34E-10,0.008796824,0.348865972,0.468676026,7,NA,NA,NA,NA,NA,NA,NA,NA,NA,NA,NA,NA,NA,7.640571973,8,-0.219,0.965826063,-0.438,0.703701091,-0.159,0.985593355,-0.212,0.924785347,0.503,9,0.209,0.099,-0.288,-0.254,-0.253,-0.257,-0.425,-0.371,-0.533,-0.699,-0.233,-1.256,-1.005,-1.393,-0.16,NA,NA,0.000330873,-0.031923879,0.30253286,-0.01244637,0.010631737,-0.033607141,0.260538269,-0.046931374,0.790932397,0.001159381,0.176836361,-0.010173138
14,AHR,14,NA,NA,NA,NA,NA,NA,NA,NA,NA,NA,NA,NA,NA,NA,NA,NA,NA,NA,NA,NA,NA,NA,NA,NA,NA,NA,NA,NA,NA,NA,NA,NA,NA,NA,NA,NA,NA,NA,NA,NA,NA,NA,NA,NA,NA,NA,NA,NA,NA,NA,NA,NA,0.056545,0.10402,0.979586,2029,-0.006107841,-0.16969752,-0.223888384,0.731130291,9,51,6,0,66,2547,0.5529688,32,26,25.9128,0.639175258,0.226277372,0.286317732,1,0,1,1,1.2,0.020094742,0.371783892,2.41E-06,7.50E-06,1,1,0.234702314,7,NA,NA,NA,NA,NA,NA,NA,NA,NA,NA,NA,NA,NA,7.426263096,10,-0.482,0.440073509,0.282,0.105593162,0.319,0.111524075,0.012,0.705759066,0.494,10,0.747,0.637,-0.141,-0.459,-0.304,-0.086,0.169,-0.138,-1.379,-1.522,0.133,-0.698,-0.171,0.31,-1.006,NA,NA,0.002349727,-0.211837968,0.064545672,-0.201082583,0.001330891,-0.206460275,0.279224022,0.030568079,0.566282416,-0.003281377,0.55683553,0.016806771
15,TMEM248,15,NA,NA,NA,NA,NA,NA,NA,NA,NA,NA,NA,NA,NA,NA,NA,NA,NA,NA,NA,NA,NA,NA,NA,NA,NA,NA,NA,NA,NA,NA,NA,NA,NA,NA,NA,NA,NA,NA,NA,NA,NA,NA,NA,NA,NA,NA,NA,NA,NA,NA,NA,NA,0.49508,0.49644,0.999997,9391,-0.006612692,-0.006314843,-0.783317931,1.653463036,5,17,1,0,23,945,0.5075455,8,10,24.3386,0.210526316,0.105263158,0.746940477,1,0,1,1,0.782608696,0.469844406,1,0.999999978,1,1,1,0.018859495,7,55069,-0.295,0.535,1,-0.39,0.119,1,0.213,0.391,1,0.245,0.708,1,7.334696904,9,-0.007,0.934460515,-0.15,0.723672905,0.05,0.850373497,0.119,0.369046377,0.7,10,0.032,-0.421,-0.104,-0.326,-0.408,-0.173,0.118,-0.01,0.255,-0.269,0.222,-0.44,0.208,-0.415,-0.398,NA,NA,0.114118004,0.008614706,0.096017502,0.026133647,0.056337079,0.022457965,0.291687429,-0.031835341,0.650770973,0.01339649,0.608158932,-0.009167626
16,LRCH4,16,NA,NA,NA,NA,NA,NA,NA,NA,NA,NA,NA,NA,NA,NA,NA,NA,NA,NA,NA,NA,NA,NA,NA,NA,NA,NA,NA,NA,NA,NA,NA,NA,NA,NA,NA,NA,NA,NA,NA,NA,NA,NA,NA,NA,NA,NA,NA,NA,NA,NA,NA,NA,0.1332,0.21388,0.996358,4089,0.002751002,-0.002763262,-0.28091832,0.703807916,17,25,1,2,45,2052,0.5549091,12,28,21.9298,0.06779661,0.040816327,0.96576654,1,0.068027211,0.219087258,1,0.440677966,0.915343629,1,0.999999999,1,1,1,0.01012884,7,4034,0.37,0.049,1,0.37,0.841,1,0.246,0.351,1,0.246,0.758,1,7.27178775,10,-0.194,0.773667975,-0.315,0.288599274,0.131,0.7623712,0.019,0.837640194,0.469,10,-0.167,0.206,0.352,-0.051,-0.319,0.064,0.236,-0.184,0.02,-0.158,-0.444,-0.141,-0.45,-0.195,-0.003,1.409378652,0.016744517,0.284429827,0.001676881,0.747452229,-0.019379256,0.469969664,0.005314967,0.083537916,-0.020652635,0.128237345,0.02080297,0.034977287,-0.036265252
17,GRB10,17,NA,NA,NA,NA,NA,NA,NA,NA,NA,NA,NA,NA,NA,NA,NA,NA,NA,NA,NA,NA,NA,NA,NA,NA,NA,NA,NA,NA,NA,NA,NA,NA,NA,NA,NA,NA,NA,NA,NA,NA,NA,NA,NA,NA,NA,NA,NA,NA,NA,NA,NA,NA,0.46614,0.47007,0.999997,8894,-0.004144885,0.008308014,-1.265585929,3.78404169,19,40,4,2,65,1785,0.4022,14,42,36.4146,0.21319797,0.096774194,0.868378566,1,0.046082949,0.370771442,1,0.344827586,0.995835859,1,0.904964443,1,1,1,0.036603833,7,2887,-0.74,0.842,1,-1.2,0.000218,1,0.025,0.575,1,-0.128,0.517,1,7.057667227,9,-0.6,0.751945977,-0.483,0.973554967,-0.937,0.725855561,-0.712,0.422081065,0.513,10,-0.311,0.15,-0.682,-0.199,-0.62,0.073,-0.67,0.025,-0.115,-0.003,-0.196,-0.159,0.633,-0.438,-0.065,NA,NA,5.45E-06,-0.084004106,9.32E-06,-0.098040061,4.61E-06,-0.089875949,0.128245472,0.041679923,0.014889642,0.030164059,0.014127101,0.032224931
18,LUC7L2,18,NA,NA,NA,NA,NA,NA,NA,NA,NA,NA,NA,NA,NA,NA,NA,NA,NA,NA,NA,NA,NA,NA,NA,NA,NA,NA,NA,NA,NA,NA,NA,NA,NA,NA,NA,NA,NA,NA,NA,NA,NA,NA,NA,NA,NA,NA,NA,NA,NA,NA,NA,NA,0.36035,0.38215,0.999997,7236,0.005049018,-0.01303124,-0.341041646,0.796933115,4,27,6,0,37,1179,0.6333333,14,8,31.3825,1.319148936,0.659574468,0.011696755,0.389159909,0,1,1,1.578947368,0.026757515,0.420265181,9.18E-08,3.01E-07,0.008128302,0.332228783,0.875265445,7,51631,-1.09,0.847,1,-1.09,1.90E-13,2.76E-09,-0.95,0.847,1,-0.95,0.000174,1,6.957808301,9,-0.987,0.001935995,-1.534,0.011230159,0.067,0.683805353,-0.19,0.991635532,0.433,10,-0.005,-1.055,0.364,-0.312,0.024,-1.127,-1.379,0.747,-0.11,-1.269,-0.991,-0.914,-0.946,-2.606,-0.557,NA,NA,0.072858744,-0.031915009,0.055192131,0.010644175,0.023538013,-0.015354312,0.483507396,0.020805724,0.327238055,0.006688299,0.546132414,0.018417771
19,CASP2,19,NA,NA,NA,NA,NA,NA,NA,NA,NA,NA,NA,NA,NA,NA,NA,NA,NA,NA,NA,NA,NA,NA,NA,NA,NA,NA,NA,NA,NA,NA,NA,NA,NA,NA,NA,NA,NA,NA,NA,NA,NA,NA,NA,NA,NA,NA,NA,NA,NA,NA,NA,NA,0.074559,0.13017,0.987051,2515,0.010386727,-0.026189355,0.021652424,0.642852643,8,21,2,1,32,1359,0.4583125,8,17,23.5467,0.252873563,0.119565217,0.747675852,1,0.054347826,0.41443284,1,0.486486486,0.803112825,1,9.99E-10,3.49E-09,1,1,0.063889394,7,835,-2.03,1,1,-2.03,6.94E-19,1.02E-14,-3.078,1,1,-3.078,6.28E-10,9.32E-06,6.956871145,10,0.305,0.092937662,0.645,0.014590205,0.365,0.376244258,0.47,0.024668037,0.49,10,0.103,0.439,0.051,0.555,0.434,0.307,0.085,0.518,0.456,0.359,0.597,0.347,0.195,0.761,0.259,NA,NA,0.204588083,-0.017733571,0.77074798,-0.017433937,0.248226597,-0.011515049,0.769002232,0.028402149,0.84459005,-0.005967537,0.766539175,0.012566641
20,NUP205,20,NA,NA,NA,NA,NA,NA,NA,NA,NA,NA,NA,NA,NA,NA,NA,NA,NA,NA,NA,NA,NA,NA,NA,NA,NA,NA,NA,NA,NA,NA,NA,NA,NA,NA,NA,NA,NA,NA,NA,NA,NA,NA,NA,NA,NA,NA,NA,NA,NA,NA,NA,NA,0.98416,0.98426,0.999997,18676,-0.317501672,-0.013491858,-0.578155141,1.431854099,28,90,13,5,136,6039,0.6033099,56,52,22.5203,0.459930314,0.247191011,0.075475823,0.913440815,0.093632959,0.027400299,0.817879874,1.065420561,0.017854001,0.342096928,1.04E-06,3.29E-06,0.030364175,0.669625061,0.241634041,7,NA,NA,NA,NA,NA,NA,NA,NA,NA,NA,NA,NA,NA,6.901820364,10,-1.457,0.067470116,-1.542,0.122336206,-2.023,0.01418695,-1.746,0.004900841,0.46,10,-1.159,-3.298,-1.813,-1.246,-1.453,-0.572,-0.968,-2.12,-1.361,-2.165,-2.378,-1.174,-2.369,-2.675,-2.244,NA,NA,0.543455946,0.009029415,0.133075465,0.033496753,0.050027993,0.00524048,2.26E-07,-0.334252679,4.74E-08,-0.361595705,2.22E-07,-0.339325245
21,VPS41,21,NA,NA,NA,NA,NA,NA,NA,NA,NA,NA,NA,NA,NA,NA,NA,NA,NA,NA,NA,NA,NA,NA,NA,NA,NA,NA,NA,NA,NA,NA,NA,NA,NA,NA,NA,NA,NA,NA,NA,NA,NA,NA,NA,NA,NA,NA,NA,NA,NA,NA,NA,NA,0.4232,0.43306,0.999997,8208,-0.023796892,0.009152616,-0.539170857,1.174580159,16,71,2,1,90,2565,0.5748545,35,35,35.0877,0.131736527,0.06043956,0.973070372,1,0.027472527,0.676906207,1,0.98630137,0.091936135,0.7348564,0.999999997,1,1,1,0.04769379,7,27072,-0.705,0.927,1,-0.705,0.002,1,-1.572,0.936,1,-1.572,0.102,1,6.813087824,10,-0.281,0.513740102,-0.553,0.432327883,-0.23,0.973727362,-1.115,0.009986147,0.472,10,-0.527,-0.45,-0.297,-0.935,-0.079,0.102,-0.189,-0.184,-0.478,-0.072,-0.091,0.061,-0.819,-0.503,0.086,2.191518488,5.36E-05,0.387849215,-0.028055303,0.376458702,0.011649038,0.757874666,-0.002068636,0.011859997,-0.087253822,0.00018938,-0.087700556,0.000387517,-0.087477189
22,RAC1,22,TRUE,TRUE,1,1,1,1,1,1,1,0.001,1,1,1,1,1,1,1,1,1,1,1,1,1,1,4.00E-07,1,1,1,1,1,1,5.34E-06,3.63E-07,"ras-related C3 botulinum toxin substrate 1 (rho family, small GTP binding protein Rac1)",5879,7:6374736-6402446,1,Yes,7p22,yes,,"melanoma, carcinoma",,,E,Dom,oncogene,"Mis, F",,,,"5879,ENSG00000136238,P63000,RAC1",0.90183,0.90145,0.999997,17063,-0.010151798,-0.00608175,-0.007453896,0.573261349,5,44,0,0,49,579,0.8856207,42,9,84.6287,0.035087719,0.019230769,1,1,0,1,1,4.095238095,1.61E-09,1.20E-06,1.51E-06,4.72E-06,1,1,0.013907748,7,5879,0.195,0.059,1,0.195,0.961,1,0.94,0.00034,1,0.94,0.999,1,6.756053754,10,-0.197,0.568603947,0.319,0.199042863,-0.273,0.326458936,-0.647,0.152285752,0.479,10,-0.32,-0.134,-0.236,-0.035,-0.226,-0.192,-0.915,0.032,-1.003,-0.363,-0.191,-0.82,-0.989,-0.267,-0.334,NA,NA,0.457273492,0.013510801,0.750338223,0.008500402,0.616243246,0.006156215,0.408606431,-0.080746182,0.691799646,-0.053362683,0.483951354,-0.070441394
23,PPIA,23,NA,NA,NA,NA,NA,NA,NA,NA,NA,NA,NA,NA,NA,NA,NA,NA,NA,NA,NA,NA,NA,NA,NA,NA,NA,NA,NA,NA,NA,NA,NA,NA,NA,NA,NA,NA,NA,NA,NA,NA,NA,NA,NA,NA,NA,NA,NA,NA,NA,NA,NA,NA,0.12688,0.20488,0.99574,3929,-0.063647811,-0.011636907,0.179809598,0.819878713,0,5,0,1,6,498,0.34175,3,2,12.0482,0.285714286,0.058823529,1,1,0.294117647,0.085333474,1,1.142857143,0.334104965,1,0.999998104,1,1,1,0.178673127,7,5478,-0.015,0.48,1,-0.07,0.286,1,0.208,0.13,1,0.066,0.713,1,6.712302533,9,-1.015,0.898733644,-2.016,0.243701824,-0.447,0.985870822,-0.513,0.52101101,0.35,10,-1.841,-2.186,-2.091,-0.911,-0.876,-0.904,-1.918,-2.233,-1.553,-2.358,-1.835,-1.172,-1.539,-2.67,-1.449,NA,NA,0.00815181,-0.051701127,0.001393512,-0.048206488,0.000675081,-0.046605134,0.380820148,-0.011424135,0.259802971,0.01989607,0.674629988,-0.00393585
24,SYPL1,24,NA,NA,NA,NA,NA,NA,NA,NA,NA,NA,NA,NA,NA,NA,NA,NA,NA,NA,NA,NA,NA,NA,NA,NA,NA,NA,NA,NA,NA,NA,NA,NA,NA,NA,NA,NA,NA,NA,NA,NA,NA,NA,NA,NA,NA,NA,NA,NA,NA,NA,NA,NA,0.032436,0.068505,0.964407,1356,0.006822393,0.013703043,-0.655728437,1.599567302,2,14,1,0,17,780,0.529875,6,8,21.7949,0.444444444,0.127659574,0.65898541,1,0,1,1,0.736842105,0.543660597,1,0.999536947,1,1,1,0.142440028,7,6856,0.075,0.247,1,0.075,0.79,1,0.243,0.137,1,0.243,0.884,1,6.703609036,10,0.131,0.593115018,0.182,0.135301771,0.386,0.411515531,0.093,0.529047824,0.593,10,0.584,0.149,0.695,0.199,0.378,0.29,0.154,0.064,-0.015,0.172,-0.04,0.301,0.072,0.217,0.034,NA,NA,0.383863781,0.003229081,0.106886678,0.03682994,0.046309639,0.01962721,0.87498175,-0.01134784,0.60626297,-0.009870079,0.695577889,-0.006246117
25,PURB,25,NA,NA,NA,NA,NA,NA,NA,NA,NA,NA,NA,NA,NA,NA,NA,NA,NA,NA,NA,NA,NA,NA,NA,NA,NA,NA,NA,NA,NA,NA,NA,NA,NA,NA,NA,NA,NA,NA,NA,NA,NA,NA,NA,NA,NA,NA,NA,NA,NA,NA,NA,NA,0.50553,0.50634,0.999997,9584,-0.012024478,0.012369213,-0.003334767,0.680674206,3,15,2,0,20,939,0.878875,10,4,21.2993,0.594594595,0.407407407,0.154349022,1,0,1,1,2,0.02101989,0.3822247,0.999998106,1,1,1,0.364328245,7,5814,0.13,0.292,1,0.13,0.781,1,-1.81,0.847,1,-1.81,3.29E-09,4.87E-05,6.613685932,8,-0.011,0.677372713,-0.171,0.83587281,0.077,0.974723378,-0.202,0.80775328,NA,10,-0.034,-0.166,0.079,-0.284,0.01,-0.075,0.019,0.569,-0.117,-0.315,-0.088,-0.312,-0.564,-0.062,-0.368,NA,NA,0.579144776,0.037325353,0.74673616,-0.002543006,0.968442714,-0.003859244,0.488606513,0.011939552,0.398498131,-0.085574307,0.205997343,-0.030157545
26,RALA,26,NA,NA,NA,NA,NA,NA,NA,NA,NA,NA,NA,NA,NA,NA,NA,NA,NA,NA,NA,NA,NA,NA,NA,NA,NA,NA,NA,NA,NA,NA,NA,NA,NA,NA,NA,NA,NA,NA,NA,NA,NA,NA,NA,NA,NA,NA,NA,NA,NA,NA,NA,NA,0.42455,0.43416,0.999997,8235,-0.00586844,-0.006805093,-0.574493993,1.316807406,2,13,1,2,18,621,0.7383,10,5,28.9855,0.444444444,0.1875,0.610541545,1,0.3125,0.01633704,0.638569691,1.692307692,0.040100294,0.505087244,0.999999025,1,1,1,0.328493164,7,5898,0.235,0.014,1,0.235,0.825,1,0.207,0.2,1,0.207,0.849,1,6.468553434,10,0.067,0.216031615,0.382,0.092190342,-0.006,0.876154475,0.217,0.651196477,0.552,10,0.286,0.509,0.389,0.101,0.415,0.15,0.328,0.398,0.417,0.268,0.369,-0.063,0.441,0.62,0.202,NA,NA,0.133294139,0.025431694,0.347099557,0.012436781,0.164948106,0.021901287,0.262887499,-0.030799335,0.202089438,-0.051763711,0.095779832,-0.027427968
27,CCM2,27,NA,NA,NA,NA,NA,NA,NA,NA,NA,NA,NA,NA,NA,NA,NA,NA,NA,NA,NA,NA,NA,NA,NA,NA,NA,NA,NA,NA,NA,NA,NA,NA,NA,NA,NA,NA,NA,NA,NA,NA,NA,NA,NA,NA,NA,NA,NA,NA,NA,NA,NA,NA,0.71202,0.71181,0.999997,13443,-0.006001643,-0.01633809,-0.516404654,1.24648665,10,22,3,0,35,1398,0.5147647,13,15,25.0358,0.299065421,0.195121951,0.161810138,1,0,1,1,0.848484848,0.268032431,1,0.999998112,1,1,1,0.259693001,7,83605,0.075,0.372,1,0.02,0.618,1,-0.169,0.804,1,-0.277,0.202,1,6.404579957,10,-0.08,0.580505462,0.151,0.336928096,-0.264,0.394808336,0.171,0.302245252,0.444,10,-0.358,0.295,0.03,0.045,-0.028,-0.631,-1.295,0.292,-1.945,0.135,0.592,0.046,1.314,0.34,-0.35,NA,NA,0.59416523,0.010999223,0.046286383,0.038505374,0.10683013,0.026596465,0.814048818,0.021582074,0.265066344,-0.009145909,0.789315347,0.003946197
28,CUX1,28,TRUE,TRUE,1,1,1,1,1,1,1,1,1,1,1,1,1,1,1,1,1,1,1,1,1,1,1,1,1,1,1,1,1,0.00055579,0.00371533,cut-like homeobox 1,1523,7:101817640-102249042,1,Yes,7q22.1,yes,,"endometrial, melanoma, colorectal, AML, MDS, other tumour types",,,"E,L,M,O",Dom,"oncogene, TSG","N,F,S,Mis,O,T",CLDN7,,,"1523,CUTL1,CUX1,ENSG00000257923,P39880",0.14576,0.2317,0.996358,4441,0.0083744,-0.011205723,-0.07978865,0.751541221,40,101,23,6,170,4518,0.5888028,56,64,37.6273,0.57002457,0.354740061,0.007551131,0.305857557,0.076452599,0.023949252,0.774598071,0.870229008,0.096216345,0.742087096,0.999997805,1,0.005421824,0.265811671,0.47999169,7,1523,-1.23,0.845,1,-1.23,0.019,1,-1.833,0.84,1,-1.833,0.052,1,6.354529473,10,-0.275,0.989305718,-0.46,0.367991084,0.047,0.714625829,-0.206,0.758410624,0.488,10,-0.232,-0.28,-0.358,-0.121,-0.476,0.091,-0.47,-0.1,0.201,-0.568,-1.06,-0.457,-0.172,-0.539,-0.549,NA,NA,0.982007611,0.011532464,0.932666548,0.003821712,0.917689963,0.004360634,0.085530219,-0.022366447,0.515487661,-0.014710513,0.078849177,-0.015397294
29,LIMK1,29,NA,NA,NA,NA,NA,NA,NA,NA,NA,NA,NA,NA,NA,NA,NA,NA,NA,NA,NA,NA,NA,NA,NA,NA,NA,NA,NA,NA,NA,NA,NA,NA,NA,NA,NA,NA,NA,NA,NA,NA,NA,NA,NA,NA,NA,NA,NA,NA,NA,NA,NA,NA,0.12537,0.20274,0.99574,3883,-0.008860417,-0.01982392,-0.537453815,1.160730403,10,37,3,1,51,1944,0.6409687,22,18,26.2346,0.299065421,0.164948454,0.428375234,1,0.051546392,0.431586601,1,1.179487179,0.035966375,0.49474398,0.999999998,1,1,1,0.192175526,7,3984,-0.49,0.799,1,-1.26,0.052,1,-1.092,0.829,1,-2.247,0.003,1,6.225976238,10,-0.044,0.882663223,-0.601,0.176755509,-0.072,0.988784832,-0.126,0.539555643,0.577,10,0.311,-0.067,-0.309,-0.128,-0.21,-0.521,-0.235,-0.316,-0.292,-0.447,-0.689,-0.096,-0.345,-0.298,0.095,NA,NA,0.016718401,-0.038467133,0.179062875,0.009892502,0.045957329,-0.025444706,0.197430827,-0.013824091,0.050786797,-0.024582151,0.254891844,-0.020876971
30,IGF2BP3,30,NA,NA,NA,NA,NA,NA,NA,NA,NA,NA,NA,NA,NA,NA,NA,NA,NA,NA,NA,NA,NA,NA,NA,NA,NA,NA,NA,NA,NA,NA,NA,NA,NA,NA,NA,NA,NA,NA,NA,NA,NA,NA,NA,NA,NA,NA,NA,NA,NA,NA,NA,NA,0.80499,0.80495,0.999997,15182,-0.000363311,-0.002830441,-0.14089681,0.69171405,17,27,4,1,49,1740,0.6081053,20,23,28.1609,0.237288136,0.172131148,0.499697829,1,0.040983607,0.510105817,1,0.857142857,0.27722824,1,8.87E-54,8.83E-53,1,1,0.095843226,7,10643,-1.305,1,1,-1.305,1.04E-19,1.53E-15,0.914,3.35E-05,0.502,0.914,1,1,6.149009915,10,0.029,0.363306499,-0.12,0.919441273,0.189,0.925462401,-0.004,0.811953466,0.479,10,0.145,0.175,0.1,-0.301,0.383,-0.393,-0.001,0.488,-0.346,-0.318,0.201,-0.305,0.282,-0.304,0.379,NA,NA,0.25593975,-0.017131336,0.042241087,-0.03684914,0.031975431,-0.029546396,0.554912347,0.027287334,0.392916354,-0.010976508,0.918003955,0.011793798
31,KRIT1,31,NA,NA,NA,NA,NA,NA,NA,NA,NA,NA,NA,NA,NA,NA,NA,NA,NA,NA,NA,NA,NA,NA,NA,NA,NA,NA,NA,NA,NA,NA,NA,NA,NA,NA,NA,NA,NA,NA,NA,NA,NA,NA,NA,NA,NA,NA,NA,NA,NA,NA,NA,NA,0.58174,0.58144,0.999997,11012,-0.037768221,0.010194741,0.24412457,0.887910106,9,34,5,1,49,2211,0.7234583,23,16,22.1619,0.536082474,0.298850575,0.173185863,1,0,0.396761409,1,1.371428571,0.017551847,0.342096928,0.999994782,1,1,1,0.26269862,7,889,-0.205,0.881,1,-0.205,0.22,1,0.519,0.07,1,0.519,0.873,1,6.137409201,10,0.083,0.510968073,0,0.509960437,-0.08,0.984064345,0.445,0.309549762,0.562,10,-0.03,0.254,-0.004,0.256,0.284,-0.184,-0.603,0.241,-0.887,0.259,0.346,0.384,1.362,0.313,-0.241,1.219621488,0.006092239,0.45586566,0.007226737,0.771755977,-0.019941838,0.714781538,-0.000464317,0.267002411,0.044692585,0.459187101,-0.018671298,0.613466582,0.0195499
32,EZH2,32,TRUE,TRUE,1,1,1,1,1,1,1,1,1,1,1,0.0498,1,1,1,1,1,1,1,1,1,1,1,1,1,1,1,1,1,1,0.06550636,enhancer of zeste homolog 2,2146,7:148807646-148847298,1,,7q35-q36,yes,,DLBCL,,,L,Dom,"oncogene, TSG",Mis,,,,"2146,ENSG00000106462,EZH2,Q15910",0.61422,0.614,0.999997,11628,0.027567093,0.034244506,-0.178380364,0.581781398,11,81,6,1,99,2256,0.5831563,51,27,43.883,0.52991453,0.218309859,0.291448963,1,0,0.565036652,1,1.824561404,4.37E-06,0.00126958,3.05E-19,1.38E-18,1,1,0.069041124,7,2146,-0.39,0.925,1,-0.39,0.009,1,0.421,0.123,1,0.421,0.95,1,6.1139262,9,-1.6,0.029984967,-0.677,0.967618297,-0.015,0.902487815,-1.35,0.001421225,0.393,10,0.068,-0.215,-1.934,-1.947,-1.868,-0.42,-0.381,-0.752,-0.665,-1.001,0.178,0.919,-1.706,-2.087,-1.605,NA,NA,0.574475318,-0.013154096,0.83745564,0.003221167,0.798109366,-0.000227664,0.015043291,0.045785487,0.216974603,0.011058014,0.021933869,0.033730516
33,PLOD3,33,NA,NA,NA,NA,NA,NA,NA,NA,NA,NA,NA,NA,NA,NA,NA,NA,NA,NA,NA,NA,NA,NA,NA,NA,NA,NA,NA,NA,NA,NA,NA,NA,NA,NA,NA,NA,NA,NA,NA,NA,NA,NA,NA,NA,NA,NA,NA,NA,NA,NA,NA,NA,0.4799,0.48255,0.999997,9113,-0.015658711,-0.014587356,-0.202657374,0.646646169,18,40,7,1,66,2217,0.5245926,23,27,29.77,0.385026738,0.253521127,0.09144505,0.966465111,0.035211268,0.565036652,1,0.842105263,0.27877017,1,1,1,0.093986723,0.974856983,0.210628047,7,8985,0.01,0.507,1,0.01,0.404,1,-0.497,0.938,1,-0.497,0.084,1,6.106202401,10,-0.2,0.635618195,-0.41,0.301527631,0.383,0.276152811,-0.062,0.995522684,NA,10,0.134,0.087,-0.155,-0.198,-0.159,0.077,-0.191,0.058,-0.686,-0.432,-0.258,-0.27,-0.319,-0.269,-0.175,1.060806306,0.030636799,0.698955445,-0.011154457,0.66161777,-0.014425449,0.896780291,-0.026065799,0.986189679,0.024724463,0.010769847,-0.037662634,0.224645989,-0.014343361
34,TES,34,NA,NA,NA,NA,NA,NA,NA,NA,NA,NA,NA,NA,NA,NA,NA,NA,NA,NA,NA,NA,NA,NA,NA,NA,NA,NA,NA,NA,NA,NA,NA,NA,NA,NA,NA,NA,NA,NA,NA,NA,NA,NA,NA,NA,NA,NA,NA,NA,NA,NA,NA,NA,0.56581,0.56552,0.999997,10708,0.007267226,-0.00100988,-0.23290744,0.625823001,8,13,1,0,22,1266,0.8375,12,9,17.3776,0.137931034,0.115384615,0.769217499,1,0,1,1,1.238095238,0.066340159,0.621617423,0.866742205,1,1,1,0.048108399,7,26136,-0.12,0.704,1,-0.23,0.345,1,-0.014,0.601,1,-0.35,0.344,1,6.070132949,10,0.35,0.143662983,0.166,0.321121647,0.43,0.1995987,0.324,0.283069919,0.472,10,0.186,0.111,0.512,0.078,0.06,0.109,0.202,0.273,-0.085,0.01,-0.017,-0.029,0.108,-0.324,0.076,NA,NA,0.389450422,-0.006781114,0.015903432,-0.018010761,0.033874969,-0.016595878,0.143740885,0.049373528,0.857700231,-0.006204707,0.295320863,0.030953314
35,POLD2,35,NA,NA,NA,NA,NA,NA,NA,NA,NA,NA,NA,NA,NA,NA,NA,NA,NA,NA,NA,NA,NA,NA,NA,NA,NA,NA,NA,NA,NA,NA,NA,NA,NA,NA,NA,NA,NA,NA,NA,NA,NA,NA,NA,NA,NA,NA,NA,NA,NA,NA,NA,NA,0.52414,0.52419,0.999997,9935,-0.191684292,-0.00114908,0.346582571,1.042530929,4,19,2,0,25,1410,0.7851818,16,5,17.7305,0.468085106,0.34375,0.177810201,1,0,1,1,2.615384615,0.001134396,0.074231067,0.999999997,1,1,1,0.168939556,7,5425,-0.15,0.885,1,-0.15,0.129,1,-0.201,0.635,1,-0.201,0.266,1,5.959748085,10,-2.375,0.000172262,-2.895,0.000675671,-3.058,1.86E-05,-1.718,0.000154401,0.315,10,-2.417,-3.146,-2.7,-1.838,-2.067,-2.118,-2.35,-2.187,-2.225,-3.504,-3.275,-2.019,-2.306,-3.45,-3.567,1.130542074,0.024890594,0.222247392,-0.007993497,0.299931018,-0.005629687,0.137058611,-0.012418613,1.04E-05,-0.17470781,2.73E-06,-0.241834922,7.45E-06,-0.205830273
36,IRF5,36,NA,NA,NA,NA,NA,NA,NA,NA,NA,NA,NA,NA,NA,NA,NA,NA,NA,NA,NA,NA,NA,NA,NA,NA,NA,NA,NA,NA,NA,NA,NA,NA,NA,NA,NA,NA,NA,NA,NA,NA,NA,NA,NA,NA,NA,NA,NA,NA,NA,NA,NA,NA,0.41302,0.42456,0.999997,8046,-0.012187953,-0.019635693,-0.211254486,0.68728868,7,16,2,4,29,1515,0.759125,9,14,19.1419,0.285714286,0.142857143,0.579946199,1,0.25974026,0.001620441,0.218890589,0.64516129,0.647172602,1,2.44E-05,7.28E-05,1,1,0.038136806,7,3663,-1.115,1,1,-1.115,2.84E-07,0.004,-0.786,0.254,1,-0.786,0.101,1,5.927997564,10,-0.189,0.650420669,-0.659,0.26487372,0.328,0.208151816,-0.144,0.981285787,0.499,10,0.259,0.3,0.193,-0.234,-0.42,-0.236,0.043,0.216,-0.061,-0.119,-0.011,-0.168,-0.262,-0.854,0.167,NA,NA,0.423137423,-0.125177862,0.31732323,-0.008019559,0.716945437,-0.080557746,0.679851966,0.009872535,0.764176578,0.013935493,0.58833985,0.007845234
37,AGK,37,NA,NA,NA,NA,NA,NA,NA,NA,NA,NA,NA,NA,NA,NA,NA,NA,NA,NA,NA,NA,NA,NA,NA,NA,NA,NA,NA,NA,NA,NA,NA,NA,NA,NA,NA,NA,NA,NA,NA,NA,NA,NA,NA,NA,NA,NA,NA,NA,NA,NA,NA,NA,0.79656,0.79657,0.999997,14997,-0.03080924,0.041825184,-0.283627145,0.830094254,5,23,2,0,30,1269,0.5378571,10,17,23.6407,0.385964912,0.119565217,0.75256709,1,0,1,1,0.594594595,0.726062903,1,9.37E-09,3.17E-08,1,1,0.01118012,7,55750,-1.185,1,1,-1.185,4.20E-22,6.18E-18,-0.658,0.951,1,-0.658,2.99E-05,0.433,5.882471834,10,0.149,0.306846641,0.136,0.531932674,-0.06,0.953208299,0.354,0.211214786,NA,10,-0.283,0.257,1.22,0.008,0.514,0.46,0.479,0.469,0.043,0.438,-0.228,0.19,0.158,0.201,0.112,NA,NA,0.908490627,-0.019331715,0.20871539,-0.005349612,0.508260861,-0.013950444,0.153385992,-0.011087073,0.433918913,-0.032466582,0.101178886,-0.010988332
38,LMBR1,38,NA,NA,NA,NA,NA,NA,NA,NA,NA,NA,NA,NA,NA,NA,NA,NA,NA,NA,NA,NA,NA,NA,NA,NA,NA,NA,NA,NA,NA,NA,NA,NA,NA,NA,NA,NA,NA,NA,NA,NA,NA,NA,NA,NA,NA,NA,NA,NA,NA,NA,NA,NA,0.49351,0.495,0.999997,9372,0.01666131,0.028442806,-0.288775522,0.692841168,9,16,2,0,27,1473,0.6962727,12,11,18.3299,0.226804124,0.177419355,0.490991269,1,0,1,1,1.04,0.18830035,0.886481429,4.46E-16,1.86E-15,1,1,0.018704293,7,NA,NA,NA,NA,NA,NA,NA,NA,NA,NA,NA,NA,NA,5.799310044,8,-0.53,0.797173771,-0.263,0.949545713,0.076,0.876094695,-0.183,0.834973936,0.521,10,-0.357,-0.406,-0.454,-0.34,-0.274,0.038,0.019,-0.195,-0.566,-0.458,-0.053,-0.679,0.079,-0.084,-0.479,1.285875152,0.00142487,0.199300366,-0.030391869,0.837205738,-0.014061326,0.27990902,-0.010565791,0.367527682,0.008343539,0.022450852,0.044793416,0.049611381,0.032283788
39,JAZF1,39,NA,NA,NA,NA,NA,NA,NA,NA,NA,NA,NA,NA,NA,NA,NA,NA,NA,NA,NA,NA,NA,NA,NA,NA,NA,NA,NA,NA,NA,NA,NA,NA,NA,juxtaposed with another zinc finger gene 1,221895,7:27832800-28180577,2,,7p15.2-p15.1,yes,,endometrial stromal tumour,,,M,Dom,fusion,T,SUZ12,,,"221895,ENSG00000153814,JAZF1,Q86VZ6",0.55171,0.55136,0.999997,10448,-0.004434596,-0.03230679,0.006870205,0.562040123,4,10,0,0,14,732,0.79025,9,5,19.1257,0.042553191,0.03125,1,1,0,1,1,1.538461538,0.067606318,0.621617423,0.999999911,1,1,1,0.058605753,7,221895,-0.15,0.816,1,-0.3,0.169,1,0.143,0.436,1,-0.147,0.494,1,5.7520042,8,0.055,0.614395155,0.261,0.331575604,0.398,0.252462126,-0.066,0.989112419,0.43,10,-0.768,-0.192,-0.773,-0.051,-0.87,-0.221,-0.383,-0.734,-0.658,-0.498,-0.139,-0.376,-0.181,-0.042,-0.581,NA,NA,0.000350026,-0.03396435,0.319169244,-0.007108694,0.003628999,-0.023551853,0.04887843,-0.06213599,0.191993256,-0.091395454,0.071414283,-0.081982024
40,BCAP29,40,NA,NA,NA,NA,NA,NA,NA,NA,NA,NA,NA,NA,NA,NA,NA,NA,NA,NA,NA,NA,NA,NA,NA,NA,NA,NA,NA,NA,NA,NA,NA,NA,NA,NA,NA,NA,NA,NA,NA,NA,NA,NA,NA,NA,NA,NA,NA,NA,NA,NA,NA,NA,0.070786,0.12472,0.987051,2406,-0.104310607,-0.038957093,0.21252103,0.923674709,7,11,5,0,23,1047,0.5684286,5,10,21.9675,0.675324675,0.456140351,0.041051192,0.731775221,0,1,1,0.52173913,0.804253372,1,0.998883418,1,0.110752216,0.974856983,0.52796867,7,55973,0,0.394,1,0,0.518,1,0.078,0.465,1,0.078,0.717,1,5.712971425,9,0.119,0.711314431,0.018,0.749800404,0.222,0.375945259,0.091,0.307262358,NA,10,0.195,-0.12,-0.17,0.163,0.055,0.028,0.373,0.242,0.264,0.018,-0.123,-0.292,0.333,-0.325,-0.255,1.570802073,0.013283234,0.838022792,0.012983476,0.576612645,-0.006646675,0.908388871,-0.006097145,0.692687802,-0.022715661,0.279545639,-0.031305967,0.963647516,-0.025677734
41,AP5Z1,41,NA,NA,NA,NA,NA,NA,NA,NA,NA,NA,NA,NA,NA,NA,NA,NA,NA,NA,NA,NA,NA,NA,NA,NA,NA,NA,NA,NA,NA,NA,NA,NA,NA,NA,NA,NA,NA,NA,NA,NA,NA,NA,NA,NA,NA,NA,NA,NA,NA,NA,NA,NA,0.61576,0.61552,0.999997,11656,-0.000195092,-0.017984262,-0.692336273,1.578959296,13,28,2,0,43,1956,0.5078261,19,21,21.9836,0.160583942,0.098214286,0.733747263,1,0,1,1,0.888888889,0.246592421,0.982352317,1.31E-10,4.74E-10,1,1,0.048236435,7,9907,-0.01,0.587,1,-0.01,0.447,1,-0.053,0.64,1,-0.053,0.489,1,5.650174762,9,0.057,0.456090639,-0.018,0.87192213,0.741,0.040515936,-0.093,0.991635532,NA,10,-0.179,-0.122,0.412,-0.19,-0.276,-0.376,-0.176,-0.066,-0.429,0.089,0.246,-0.235,-0.226,-0.235,-0.046,NA,NA,0.909759323,-0.002884307,0.136088665,0.004624945,0.273577996,0.004538938,0.049684695,-0.051161133,0.416194371,-0.010484509,0.034254179,-0.031518481
42,SP4,42,NA,NA,NA,NA,NA,NA,NA,NA,NA,NA,NA,NA,NA,NA,NA,NA,NA,NA,NA,NA,NA,NA,NA,NA,NA,NA,NA,NA,NA,NA,NA,NA,NA,NA,NA,NA,NA,NA,NA,NA,NA,NA,NA,NA,NA,NA,NA,NA,NA,NA,NA,NA,0.5206,0.52079,0.999997,9869,-0.005412301,-0.009942786,0.170915204,0.859644388,7,45,7,0,59,2355,0.4474571,20,25,25.0531,0.935064935,0.272727273,0.19446292,1,0,1,1,0.79245283,0.466903504,1,0.982826622,1,1,1,0.290516354,7,6671,-1.16,0.846,1,-1.16,0.001,1,-3.81,0.846,1,-3.81,0.008,1,5.641587676,10,0.033,0.847918081,0.066,0.498609485,0.037,0.894583203,-0.158,0.987088562,NA,10,-0.347,0.283,-0.061,0.055,0.266,0.024,-0.572,0.173,-0.029,0.244,-0.045,-0.054,0.165,0.214,-0.009,NA,NA,0.191064819,-0.012462947,0.020713722,-0.031028356,0.032661847,-0.026252839,0.43756547,-0.042438514,0.209594651,-0.045987193,0.467554952,-0.042154768
43,TRIM4,43,NA,NA,NA,NA,NA,NA,NA,NA,NA,NA,NA,NA,NA,NA,NA,NA,NA,NA,NA,NA,NA,NA,NA,NA,NA,NA,NA,NA,NA,NA,NA,NA,NA,NA,NA,NA,NA,NA,NA,NA,NA,NA,NA,NA,NA,NA,NA,NA,NA,NA,NA,NA,0.28137,0.32322,0.999997,6155,0.025272592,0.003161473,-0.328196695,0.764693375,3,15,1,0,19,1503,0.4833636,9,9,12.6414,0.324324324,0.115384615,0.747914062,1,0,1,1,0.952380952,0.291455956,1,0.999999999,1,1,1,0.052429955,7,89122,-0.01,0.577,1,-0.01,0.526,1,0.432,0.041,1,0.432,0.895,1,5.623905218,10,0.01,0.756750144,-0.378,0.950933397,0.166,0.577277416,0.089,0.566432448,NA,10,0.249,-0.295,-0.239,-0.098,-0.04,-0.243,0.137,-0.168,-0.24,-0.408,-0.073,0.164,0.034,-1.11,-0.217,NA,NA,0.064903853,-0.020504527,0.125461127,-0.007341997,0.030078804,-0.008387582,0.660749494,-0.012198211,0.511135935,0.018247112,0.780771736,0.002096172
44,ZNF12,44,NA,NA,NA,NA,NA,NA,NA,NA,NA,NA,NA,NA,NA,NA,NA,NA,NA,NA,NA,NA,NA,NA,NA,NA,NA,NA,NA,NA,NA,NA,NA,NA,NA,NA,NA,NA,NA,NA,NA,NA,NA,NA,NA,NA,NA,NA,NA,NA,NA,NA,NA,NA,0.8383,0.83799,0.999997,15834,0.003458924,0.013883441,-0.1310806,0.710170075,9,36,6,1,52,2094,0.65052,25,17,24.8329,0.639175258,0.336956522,0.046804886,0.776961865,0.054347826,0.41443284,1,1.405405405,0.003231561,0.142038436,1.07E-29,6.71E-29,0.014523904,0.458748051,0.635404425,7,NA,NA,NA,NA,NA,NA,NA,NA,NA,NA,NA,NA,NA,5.614763932,10,0.273,0.179077693,0.352,0.135436515,-0.006,0.934747234,0.129,0.115821572,NA,10,-0.044,0.352,0.17,0.223,0.47,0.289,0.351,0.513,0.177,0.295,0.277,0.208,0.25,0.472,0.249,NA,NA,0.97910623,-0.018367417,0.205185158,0.017976997,0.699740359,0.002524542,0.794690325,-0.009734475,0.925386983,0.00330966,0.855912849,-0.004642429
45,TMED4,45,NA,NA,NA,NA,NA,NA,NA,NA,NA,NA,NA,NA,NA,NA,NA,NA,NA,NA,NA,NA,NA,NA,NA,NA,NA,NA,NA,NA,NA,NA,NA,NA,NA,NA,NA,NA,NA,NA,NA,NA,NA,NA,NA,NA,NA,NA,NA,NA,NA,NA,NA,NA,0.53591,0.53559,0.999997,10156,-0.037909497,-0.011926104,-0.071925843,0.53106904,4,6,0,1,11,684,0.6686,5,5,16.0819,0.042553191,0.03125,1,1,0,0.163385147,1,0.923076923,0.391078583,1,0.99944348,1,1,1,0.069994547,7,222068,0.1,0.302,1,0.1,0.622,1,-0.756,0.999,1,-0.756,0.002,1,5.608693515,10,0.072,0.649866567,0.158,0.320310748,0.033,0.903214873,-0.039,0.799860867,NA,10,-0.158,-0.029,-0.041,-0.063,0.271,0.015,-0.152,-0.123,-0.088,0.341,0.002,0.045,-0.027,-0.093,-0.092,NA,NA,0.007252966,-0.022636708,0.492234657,-0.008974695,0.02715962,-0.017679617,0.355587568,-0.001876276,0.448233388,0.013134397,0.941844241,0.004082556
46,TMEM106B,46,NA,NA,NA,NA,NA,NA,NA,NA,NA,NA,NA,NA,NA,NA,NA,NA,NA,NA,NA,NA,NA,NA,NA,NA,NA,NA,NA,NA,NA,NA,NA,NA,NA,NA,NA,NA,NA,NA,NA,NA,NA,NA,NA,NA,NA,NA,NA,NA,NA,NA,NA,NA,0.0030577,0.009031,0.89884,187,0.011400167,-0.017155475,-0.067275417,0.504841683,8,9,0,2,19,825,0.488625,5,12,23.0303,0.022988506,0.014925373,1,1,0.149253731,0.061838684,1,0.444444444,0.889722405,1,0.007793313,0.019892223,1,1,0.021110541,7,54664,0.085,0.481,1,0.085,0.681,1,-2.317,0.996,1,-2.317,0.012,1,5.593573749,10,0.334,0.104874353,0.353,0.105984624,0.285,0.129724343,0.534,0.017628966,NA,10,0.25,0.271,-0.129,-0.089,0.452,0.075,0.109,0.33,0.295,0.417,0.3,0.279,0.32,-0.013,0.198,NA,NA,0.206567972,-0.01102936,0.495100114,0.012779974,0.259324706,-0.007053647,0.766779977,0.002459236,0.068526839,0.001267678,0.343233956,0.007584458
47,ASL,47,NA,NA,NA,NA,NA,NA,NA,NA,NA,NA,NA,NA,NA,NA,NA,NA,NA,NA,NA,NA,NA,NA,NA,NA,NA,NA,NA,NA,NA,NA,NA,NA,NA,NA,NA,NA,NA,NA,NA,NA,NA,NA,NA,NA,NA,NA,NA,NA,NA,NA,NA,NA,0.57324,0.57305,0.999997,10852,0.006950079,0.004075783,-0.073359858,0.546108899,8,26,3,2,39,1395,0.624,17,16,27.957,0.367816092,0.183908046,0.390069616,1,0.114942529,0.096347071,1,1.028571429,0.145575753,0.848879762,0.999999998,1,1,1,0.231564323,7,435,0.19,0.364,1,0.19,0.752,1,-0.484,0.779,1,-0.484,0.297,1,5.575928795,10,-0.229,0.444274032,-0.323,0.900141782,-0.272,0.819108953,-0.36,0.599603116,NA,10,-0.324,-0.258,-0.074,-0.113,-0.076,-0.326,-0.151,-0.296,-0.156,-0.406,-0.25,0.075,-0.438,-0.417,-0.016,NA,NA,0.008130797,-0.02468748,0.214065939,-0.019086155,0.015383042,-0.020898989,0.80671906,-0.002411289,0.639708872,-0.009975752,0.934199382,-0.006770176
48,ZDHHC4,48,NA,NA,NA,NA,NA,NA,NA,NA,NA,NA,NA,NA,NA,NA,NA,NA,NA,NA,NA,NA,NA,NA,NA,NA,NA,NA,NA,NA,NA,NA,NA,NA,NA,NA,NA,NA,NA,NA,NA,NA,NA,NA,NA,NA,NA,NA,NA,NA,NA,NA,NA,NA,0.57525,0.57508,0.999997,10887,-0.021198163,0.005193647,0.195864422,0.999677381,5,19,7,1,32,1035,0.239625,5,16,30.9179,1.263157895,0.413793103,0.01252046,0.406297743,0.057471264,0.431586601,1,0.342857143,0.98483129,1,9.88E-08,3.23E-07,0.059809786,0.875472935,0.282824616,7,55146,-0.13,0.954,1,-0.13,0.096,1,0.113,0.221,1,0.113,0.614,1,5.473108742,10,-0.003,0.819807593,-0.284,0.846173675,-0.119,0.940321428,0.045,0.980167254,NA,10,0.042,0.315,-0.034,-0.374,0.032,-0.117,-0.38,0.123,-0.217,0.184,0.037,-0.293,-0.033,-0.054,-0.133,2.781758563,0.000252257,0.372994722,-0.009609873,0.256750915,-0.008176227,0.261809221,-0.020650853,0.760678711,-0.039582777,0.228673098,-0.047548293,0.505855045,-0.030522538
49,PHF14,49,NA,NA,NA,NA,NA,NA,NA,NA,NA,NA,NA,NA,NA,NA,NA,NA,NA,NA,NA,NA,NA,NA,NA,NA,NA,NA,NA,NA,NA,NA,NA,NA,NA,NA,NA,NA,NA,NA,NA,NA,NA,NA,NA,NA,NA,NA,NA,NA,NA,NA,NA,NA,0.48494,0.48713,0.999997,9206,0.009918672,-0.018193509,-0.481877933,1.060608549,10,37,8,0,55,2847,0.6108214,21,18,19.3186,0.76635514,0.422680412,0.029149356,0.625472564,0,1,1,1.128205128,0.035966375,0.49474398,1.67E-05,5.02E-05,0.020640036,0.545311513,0.413914777,7,NA,NA,NA,NA,NA,NA,NA,NA,NA,NA,NA,NA,NA,5.386841145,10,0.169,0.522590937,0.382,0.077813088,0.368,0.507169993,0.569,0.069484861,0.503,10,0.227,-0.014,-0.452,0.248,0.158,-0.03,0.304,0.041,0.378,-0.021,0.017,0.615,1.098,-0.543,0.13,NA,NA,0.303159352,-0.010575865,0.188528165,-0.029270974,0.140894371,-0.023480422,0.989322898,-0.015004524,0.104956791,0.016132052,0.384757572,0.009983195
50,TMEM120A,50,NA,NA,NA,NA,NA,NA,NA,NA,NA,NA,NA,NA,NA,NA,NA,NA,NA,NA,NA,NA,NA,NA,NA,NA,NA,NA,NA,NA,NA,NA,NA,NA,NA,NA,NA,NA,NA,NA,NA,NA,NA,NA,NA,NA,NA,NA,NA,NA,NA,NA,NA,NA,0.82131,0.8212,0.999997,15499,-0.074172424,-0.014349345,0.674644322,2.018188496,2,5,1,2,10,1029,0.714,4,3,9.7182,0.444444444,0.272727273,0.413781977,1,0.227272727,0.00808972,0.465881672,1.111111111,0.308528991,1,1,1,1,1,0.108047401,7,83862,-0.02,0.567,1,-1.35,1.26E-44,1.88E-40,0.463,0.095,1,-0.347,0.051,1,5.363117773,NA,NA,NA,NA,NA,NA,NA,NA,NA,NA,10,0.066,-0.339,-0.288,-0.152,0.269,-0.126,0.269,0.378,0.233,0.184,-0.161,-0.322,-0.337,-0.14,-0.157,NA,NA,0.468623637,-0.006699435,0.222998171,-0.01326278,0.155952168,-0.004993277,0.841931633,-0.011047466,0.346550397,0.010375404,0.736046041,0.005924418
51,ZNF800,51,FALSE,FALSE,1,1,1,1,1,1,1,1,1,0.0768,1,1,1,1,0.2713,1,1,1,1,1,1,1,1,1,1,1,1,1,1,0.01941588,0.04095633,NA,NA,NA,NA,NA,NA,NA,NA,NA,NA,NA,NA,NA,NA,NA,NA,NA,NA,NA,0.81376,0.8137,0.999997,15362,-0.003891837,-0.003443445,0.019224774,0.684178952,7,35,9,1,52,1995,0.4959643,17,22,26.0652,1.194805195,0.393162393,0.025504646,0.581808955,0.042735043,0.524456907,1,0.765957447,0.533094618,1,2.06E-11,7.68E-11,0.045151441,0.784156538,0.601578264,7,NA,NA,NA,NA,NA,NA,NA,NA,NA,NA,NA,NA,NA,5.323492157,10,0.304,0.363447136,0.286,0.142782299,0.07,0.802286323,0.126,0.654197352,NA,10,-0.143,0.201,0.117,-0.116,0.36,0.453,0.383,0.261,0.442,0.207,-0.057,0.083,0.089,-0.074,0.255,NA,NA,0.054384591,-0.032573505,0.003723999,-0.030376108,0.004013899,-0.031474806,0.864720483,-0.031386023,0.078000563,0.012834663,0.256546407,-0.001788044
52,PAXIP1,52,NA,NA,NA,NA,NA,NA,NA,NA,NA,NA,NA,NA,NA,NA,NA,NA,NA,NA,NA,NA,NA,NA,NA,NA,NA,NA,NA,NA,NA,NA,NA,NA,NA,NA,NA,NA,NA,NA,NA,NA,NA,NA,NA,NA,NA,NA,NA,NA,NA,NA,NA,NA,0.42969,0.43849,0.999997,8305,0.032349141,0.000185551,0.029773693,0.60472811,13,31,4,4,52,3108,0.6928636,20,16,16.731,0.306569343,0.24137931,0.319357044,1,0.229885057,0.002448613,0.271266544,1.2,0.054614446,0.595630786,4.93E-17,2.09E-16,1,1,0.406088161,7,22976,-1.86,0.847,1,-1.86,5.11E-09,7.30E-05,-0.753,0.833,1,-0.753,0.097,1,5.147352774,10,-0.331,0.719295281,-0.699,0.324212992,-0.699,0.425351198,-0.767,0.291845847,0.5,10,-0.744,0.059,-1.53,-1.376,-1.108,-0.466,-0.634,-0.591,-0.66,-1.459,0.361,-0.716,-0.951,-1.617,-1.798,NA,NA,0.675512347,-0.00530401,0.346799263,0.007297075,0.333086613,0.004385404,0.742465413,0.000572882,0.658855342,-0.001892684,0.466128382,-0.007931579
53,ATXN7L1,53,NA,NA,NA,NA,NA,NA,NA,NA,NA,NA,NA,NA,NA,NA,NA,NA,NA,NA,NA,NA,NA,NA,NA,NA,NA,NA,NA,NA,NA,NA,NA,NA,NA,NA,NA,NA,NA,NA,NA,NA,NA,NA,NA,NA,NA,NA,NA,NA,NA,NA,NA,NA,0.13498,0.21641,0.996358,4135,0.007851091,-0.041156811,-0.427682713,0.890784918,4,9,1,1,15,441,0.04516667,1,10,34.0136,0.255319149,0.105263158,0.722942523,1,0.087719298,0.278953046,1,0.173913043,0.996960147,1,0.914984041,1,1,1,0.079441498,7,222255,-0.455,0.994,1,-0.515,9.52E-06,0.133,-0.203,0.876,1,-0.722,0.029,1,5.023292222,9,-0.976,0.346905891,-1.823,0.267925002,-0.597,0.810705484,-1.332,0.649340179,0.468,10,-0.409,-1.486,-2.061,-0.447,-1.701,-0.517,-1.132,-1.135,-0.903,-1.339,-1.242,-0.971,-1.817,-0.352,-1.517,NA,NA,0.013940103,-0.035739343,0.095655655,-0.015459785,0.01429662,-0.028856028,0.036077416,0.0378024,0.96311621,0.005705117,0.075486441,0.015556798
54,ZNF277,54,NA,NA,NA,NA,NA,NA,NA,NA,NA,NA,NA,NA,NA,NA,NA,NA,NA,NA,NA,NA,NA,NA,NA,NA,NA,NA,NA,NA,NA,NA,NA,NA,NA,NA,NA,NA,NA,NA,NA,NA,NA,NA,NA,NA,NA,NA,NA,NA,NA,NA,NA,NA,0.31444,0.34723,0.999997,6596,-0.006307748,0.0207059,-0.343641495,0.8176895,3,17,2,1,23,1353,0.2239091,5,15,16.9993,0.594594595,0.134146341,0.736748223,1,0.06097561,0.396761409,1,0.363636364,0.969537701,1,0.695724245,1,1,1,0.012391121,7,11179,0.36,0.12,1,-0.04,0.474,1,0.57,0.239,1,-0.083,0.541,1,5.018312348,10,0.071,0.801157767,0.314,0.235162991,0.379,0.28100009,0.345,0.47432886,NA,10,0.272,0.157,-0.075,-0.063,0.257,0.177,0.234,0.216,-0.025,0.233,-0.539,-0.184,0.089,-0.026,0.059,NA,NA,0.051704586,-0.015812735,0.081827458,-0.020998975,0.014641911,-0.016199519,0.934153456,-0.004707326,0.683986229,0.006581231,0.768096062,0.003838315
55,CARD11,55,NA,NA,NA,NA,NA,NA,NA,NA,NA,NA,NA,NA,NA,NA,NA,NA,NA,NA,NA,NA,NA,NA,NA,NA,NA,NA,NA,NA,NA,NA,NA,NA,NA,"caspase recruitment domain family, member 11",84433,7:2906638-2958506,1,Yes,7p22,yes,,DLBCL,,,L,Dom,oncogene,Mis,,,,"84433,CARD11,ENSG00000198286,Q9BXL7",0.7865,0.7865,0.999997,14818,-0.171445142,-0.007346839,-0.442561057,1.372773968,47,133,8,2,190,3465,0.4048065,59,93,54.8341,0.171907757,0.086864407,0.965421119,1,0.021186441,0.846354979,1,0.634920635,0.717566621,1,4.63E-10,1.64E-09,1,1,0.010765729,7,NA,NA,NA,NA,NA,NA,NA,NA,NA,NA,NA,NA,NA,4.916703911,10,-0.05,0.643062718,-0.473,0.941388354,-0.194,0.783410848,-0.34,0.659275626,0.5,10,-0.326,-0.281,-0.576,-0.373,-0.545,-0.432,-0.382,-0.272,-0.307,-0.386,-0.142,-0.661,-0.321,-0.374,-0.392,NA,NA,0.597089611,0.018418604,0.839497791,0.006012527,0.639828581,0.015223873,0.660561147,-0.100677208,0.830388633,-0.118516175,0.857970425,-0.111716568
56,GNAI1,56,NA,NA,NA,NA,NA,NA,NA,NA,NA,NA,NA,NA,NA,NA,NA,NA,NA,NA,NA,NA,NA,NA,NA,NA,NA,NA,NA,NA,NA,NA,NA,NA,NA,NA,NA,NA,NA,NA,NA,NA,NA,NA,NA,NA,NA,NA,NA,NA,NA,NA,NA,NA,0.0091,0.024236,0.902628,501,-0.020766003,-0.002404898,-0.249680544,0.758042383,6,21,5,0,32,1065,0.5362778,8,16,30.0469,0.776119403,0.298850575,0.174566819,1,0,1,1,0.514285714,0.86823265,1,0.999999998,1,1,1,0.483095141,7,2770,0.39,0.069,1,0.39,0.838,1,0.292,0.35,1,0.292,0.759,1,4.894891312,9,0.255,0.058292476,0.696,0.006887942,0.187,0.586654238,0.186,0.504377914,0.438,10,0.201,0.04,0.268,0.295,0.373,-0.1,0.078,0.292,0.038,0.243,0.16,-0.287,-0.252,0.625,-0.068,1.242034551,0.017373112,0.786835363,0.009624757,0.901873928,-0.003044188,0.829918079,0.005084207,0.58953861,-0.025318958,0.408401019,-0.010775101,0.817020385,-0.013375142
57,DNAJB9,57,NA,NA,NA,NA,NA,NA,NA,NA,NA,NA,NA,NA,NA,NA,NA,NA,NA,NA,NA,NA,NA,NA,NA,NA,NA,NA,NA,NA,NA,NA,NA,NA,NA,NA,NA,NA,NA,NA,NA,NA,NA,NA,NA,NA,NA,NA,NA,NA,NA,NA,NA,NA,0.1617,0.24269,0.997004,4643,-0.00933502,-0.019831166,-0.505764817,1.302439966,3,13,0,0,16,672,0.5213077,6,10,23.8095,0.054054054,0.01754386,1,1,0,1,1,0.608695652,0.699045414,1,0.999720767,1,1,1,0.012216179,7,4189,0.43,0.189,1,0.04,0.682,1,0.177,0.405,1,0.317,0.727,1,4.892319926,9,-0.082,0.753107983,0.341,0.573170146,0.302,0.467935249,-0.101,0.939687039,NA,10,-0.128,0.294,0.354,-0.032,-0.122,-0.056,0.062,0.357,0.055,0.242,0.156,0.255,-0.255,-0.555,-0.113,1.0075339,0.029891813,0.521578521,0.023343434,0.769068848,0.014087497,0.651531788,0.02249353,0.640452271,-0.005798505,0.476930845,-0.004120557,0.634068136,-0.007980556
58,ZSCAN25,58,NA,NA,NA,NA,NA,NA,NA,NA,NA,NA,NA,NA,NA,NA,NA,NA,NA,NA,NA,NA,NA,NA,NA,NA,NA,NA,NA,NA,NA,NA,NA,NA,NA,NA,NA,NA,NA,NA,NA,NA,NA,NA,NA,NA,NA,NA,NA,NA,NA,NA,NA,NA,0.48859,0.49046,0.999997,9276,-0.004427667,-0.00792698,0.113051725,0.724005135,8,30,4,1,43,1635,0.5746364,16,17,26.2997,0.482758621,0.22826087,0.311752199,1,0,0.41443284,1,0.918918919,0.239788762,0.970645686,0.999999999,1,1,1,0.116401063,7,221785,-0.23,0.769,1,-1.21,1.22E-09,1.74E-05,-0.126,0.674,1,-1.411,0.006,1,4.889346013,10,-0.127,0.938957257,-0.143,0.963491659,0.064,0.775130688,-0.014,0.880167992,NA,10,-0.373,-0.112,-0.446,0.122,-0.251,-0.358,-0.199,-0.182,-0.077,-0.037,-0.376,0.098,-0.237,-0.143,-0.164,NA,NA,0.959733957,-0.004939929,0.260268182,0.02172742,0.611917419,0.008821204,0.639307977,-0.012943926,0.524923247,0.010755008,0.986174994,-0.004548977
59,RABGEF1,59,NA,NA,NA,NA,NA,NA,NA,NA,NA,NA,NA,NA,NA,NA,NA,NA,NA,NA,NA,NA,NA,NA,NA,NA,NA,NA,NA,NA,NA,NA,NA,NA,NA,NA,NA,NA,NA,NA,NA,NA,NA,NA,NA,NA,NA,NA,NA,NA,NA,NA,NA,NA,0.54397,0.54361,0.999997,10300,0.01210009,0.013103951,-0.275979538,0.675865045,13,27,3,1,44,1476,0.4177143,9,24,29.8103,0.233576642,0.125984252,0.769353843,1,0.039370079,0.524456907,1,0.392156863,0.964952589,1,0.999999998,1,1,1,0.067605391,7,27342,-0.06,0.626,1,-0.06,0.565,1,0.689,0.313,1,0.689,0.773,1,4.877981408,10,-0.965,0.336504506,0.381,0.299942987,-0.006,0.922160491,-0.54,0.375643218,0.518,10,0.039,0.024,-1.45,-1.063,-0.805,-0.735,-0.478,-0.983,-0.662,-0.9,-0.438,-1.109,-1.409,-0.544,-1.933,NA,NA,0.216027482,-0.016580878,0.008145013,-0.051649819,0.003739388,-0.027807553,0.812920085,0.004668152,0.322094718,0.009703656,0.704016523,0.013199002
60,C1GALT1,60,NA,NA,NA,NA,NA,NA,NA,NA,NA,NA,NA,NA,NA,NA,NA,NA,NA,NA,NA,NA,NA,NA,NA,NA,NA,NA,NA,NA,NA,NA,NA,NA,NA,NA,NA,NA,NA,NA,NA,NA,NA,NA,NA,NA,NA,NA,NA,NA,NA,NA,NA,NA,0.76473,0.76453,0.999997,14422,-0.021725832,-0.017888466,-0.051785476,0.538875303,3,15,4,1,23,1092,0.3791429,8,9,21.0623,1.135135135,0.403846154,0.072856276,0.902221278,0.096153846,0.257193063,1,0.857142857,0.39056065,1,3.68E-08,1.22E-07,0.084363792,0.974856983,0.313724873,7,NA,NA,NA,NA,NA,NA,NA,NA,NA,NA,NA,NA,NA,4.853414452,10,0.21,0.692555029,0.343,0.189808701,0.117,0.72783146,0.061,0.959375898,0.471,10,0.329,-0.104,0.118,0.428,0.323,-0.011,-0.167,0.12,-0.113,0.505,0.464,0.289,0.105,0.536,0.615,1.204462792,0.041192048,0.4191225,0.006473348,0.353519891,-0.011863204,0.291430708,0.006242302,0.59537153,-0.005580905,0.677802288,-0.004872118,0.404979811,-0.001067243
61,ZNF862,61,NA,NA,NA,NA,NA,NA,NA,NA,NA,NA,NA,NA,NA,NA,NA,NA,NA,NA,NA,NA,NA,NA,NA,NA,NA,NA,NA,NA,NA,NA,NA,NA,NA,NA,NA,NA,NA,NA,NA,NA,NA,NA,NA,NA,NA,NA,NA,NA,NA,NA,NA,NA,0.059197,0.10789,0.982247,2093,-0.001889821,0.014761099,-0.301684828,1.074593583,18,45,2,0,65,3510,0.4022581,20,37,18.5185,0.117647059,0.057291667,0.967761594,1,0,1,1,0.545454545,0.872674615,1,6.83E-24,3.63E-23,1,1,0.015654974,7,NA,NA,NA,NA,NA,NA,NA,NA,NA,NA,NA,NA,NA,4.82812447,10,-0.237,0.991753938,-0.569,0.874415986,0.239,0.484884303,-0.131,0.734652572,NA,10,-0.136,-0.485,-0.586,-0.233,-0.238,-0.276,-0.538,0.039,-0.093,-0.158,-0.493,-0.485,-0.348,-0.286,-0.297,NA,NA,0.002952427,-0.03523834,0.692359452,-0.000392145,0.018149877,-0.025043865,0.822752826,0.011181211,0.308293114,-0.015929156,0.509026193,-0.004369761
62,ZNF467,62,NA,NA,NA,NA,NA,NA,NA,NA,NA,NA,NA,NA,NA,NA,NA,NA,NA,NA,NA,NA,NA,NA,NA,NA,NA,NA,NA,NA,NA,NA,NA,NA,NA,NA,NA,NA,NA,NA,NA,NA,NA,NA,NA,NA,NA,NA,NA,NA,NA,NA,NA,NA,0.058508,0.10689,0.982247,2075,-0.000725738,0.035734713,-0.377419011,0.92278095,10,19,1,0,30,1788,0.588,10,14,16.7785,0.112149533,0.077922078,0.830865824,1,0,1,1,0.709677419,0.549268131,1,1.50E-16,6.28E-16,1,1,0.15336436,7,168544,-1.3,1,1,-1.3,3.59E-10,5.15E-06,-1.954,1,1,-1.954,5.50E-06,0.08,4.803029755,8,0.305,0.222887913,-0.287,0.776354212,0.607,0.015012933,0.354,0.121321492,NA,10,0.099,0.007,0.11,0.375,0.276,0.059,0.1,0.264,0.056,-0.191,0.107,0.139,-0.204,0.507,0.231,NA,NA,0.355459699,0.007686953,0.843867457,-0.008256719,0.750524623,0.006712874,0.412494383,-0.043774824,0.469038425,-0.007688389,0.359182048,-0.020232082
63,STK17A,63,NA,NA,NA,NA,NA,NA,NA,NA,NA,NA,NA,NA,NA,NA,NA,NA,NA,NA,NA,NA,NA,NA,NA,NA,NA,NA,NA,NA,NA,NA,NA,NA,NA,NA,NA,NA,NA,NA,NA,NA,NA,NA,NA,NA,NA,NA,NA,NA,NA,NA,NA,NA,0.76246,0.76229,0.999997,14378,3.17E-05,0.014831316,-0.06131386,0.679741725,7,11,4,1,23,1245,0.476875,6,11,18.4739,0.545454545,0.338709677,0.128649839,1,0.080645161,0.300075588,1,0.56,0.761721812,1,0.999988864,1,1,1,0.476464557,7,9263,-0.32,0.897,1,-0.32,0.049,1,-0.149,0.69,1,-0.149,0.304,1,4.79586597,10,0.147,0.258503441,0.128,0.1132479,0.074,0.755362078,0.095,0.840196211,NA,10,0.284,0.003,-0.018,-0.138,-0.086,-0.013,-0.235,0.157,0.156,0.32,0.148,-0.296,-0.029,0.066,0.202,1.060123428,0.011679799,0.716919851,-0.033436077,0.855227729,0.008086266,0.953593202,-0.010244707,0.57616433,0.006849681,0.230420671,-0.041359081,0.708345029,-0.026210573
64,TRIP6,64,NA,NA,NA,NA,NA,NA,NA,NA,NA,NA,NA,NA,NA,NA,NA,NA,NA,NA,NA,NA,NA,NA,NA,NA,NA,NA,NA,NA,NA,NA,NA,NA,NA,NA,NA,NA,NA,NA,NA,NA,NA,NA,NA,NA,NA,NA,NA,NA,NA,NA,NA,NA,0.00060164,0.0022235,0.769456,54,-0.013130274,-0.005592262,-0.323395768,0.924992537,4,20,3,0,27,1431,0.7117333,15,7,18.8679,0.680851064,0.380952381,0.088927981,0.958461366,0,1,1,1.882352941,0.009106122,0.255152378,0.999999999,1,0.04416136,0.779410477,0.059943837,7,7205,0.045,0.336,1,0.045,0.275,1,-0.176,0.865,1,-0.176,0.203,1,4.785340137,9,-0.289,0.77470606,-0.793,0.573514376,-0.116,0.972664429,-0.189,0.985121956,0.573,10,-0.211,-0.263,-0.72,-0.435,-1.039,-0.176,0.042,-0.439,0.014,-0.143,-0.484,-0.593,-0.69,-0.679,-0.487,NA,NA,0.049895079,0.018947054,0.753783783,0.005237449,0.143283207,0.007462722,0.581736155,-0.027160257,0.437858886,-0.029150989,0.455330628,-0.038138606
65,NRF1,65,NA,NA,NA,NA,NA,NA,NA,NA,NA,NA,NA,NA,NA,NA,NA,NA,NA,NA,NA,NA,NA,NA,NA,NA,NA,NA,NA,NA,NA,NA,NA,NA,NA,NA,NA,NA,NA,NA,NA,NA,NA,NA,NA,NA,NA,NA,NA,NA,NA,NA,NA,NA,0.46316,0.46744,0.999997,8845,-0.190094622,-0.005006648,1.168252328,3.617689536,7,27,4,0,38,1512,0.5586111,16,16,25.1323,0.545454545,0.24137931,0.256079849,1,0,1,1,0.971428571,0.145575753,0.848879762,0.000142596,0.000407084,1,1,0.156527126,7,4899,-3.82,1,1,-3.82,5.75E-32,8.52E-28,-4.284,1,1,-4.284,3.50E-07,0.005,4.766943291,9,-1.744,0.042337462,-3.549,0.000187957,-1.076,0.427709732,-0.933,0.065510902,0.376,10,-0.732,-2.656,-3.335,-1.742,-2.11,-1.265,-1.795,-2.321,-2,-2.372,-2.346,-2.491,-2.329,-2.989,-2.604,NA,NA,0.353569151,0.008655093,0.15069848,0.025073071,0.060350793,0.008604934,0.076810472,-0.134552625,0.001981904,-0.15118812,0.024090031,-0.142870373
66,MOSPD3,66,NA,NA,NA,NA,NA,NA,NA,NA,NA,NA,NA,NA,NA,NA,NA,NA,NA,NA,NA,NA,NA,NA,NA,NA,NA,NA,NA,NA,NA,NA,NA,NA,NA,NA,NA,NA,NA,NA,NA,NA,NA,NA,NA,NA,NA,NA,NA,NA,NA,NA,NA,NA,0.51927,0.51959,0.999997,9841,-0.008048158,-0.02020832,0.194345525,0.86068816,8,16,0,2,26,708,0.3951667,8,14,36.7232,0.022988506,0.012987013,1,1,0.064935065,0.078490864,1,0.580645161,0.740710813,1,0.999999999,1,1,1,0.010126117,7,64598,0.025,0.459,1,0.025,0.685,1,0.144,0.231,1,0.144,0.848,1,4.746028916,9,-0.476,0.879444806,-1.002,0.304918941,-0.298,0.830314453,-0.389,0.93559566,NA,10,-0.082,-0.297,-0.683,-0.178,-0.706,-0.052,-0.344,-0.09,-0.147,-0.955,-0.257,-0.684,-0.301,-0.739,-0.189,NA,NA,0.006001309,-0.008585314,0.317677688,-0.020498535,0.022030653,-0.022315739,0.443167101,-0.007407421,0.229348455,0.001038809,0.819509803,0.000279545
67,KCTD7,67,NA,NA,NA,NA,NA,NA,NA,NA,NA,NA,NA,NA,NA,NA,NA,NA,NA,NA,NA,NA,NA,NA,NA,NA,NA,NA,NA,NA,NA,NA,NA,NA,NA,NA,NA,NA,NA,NA,NA,NA,NA,NA,NA,NA,NA,NA,NA,NA,NA,NA,NA,NA,0.56078,0.56047,0.999997,10618,-0.018639933,0.010707854,0.112960714,0.712041314,5,16,1,0,22,870,0.449,10,10,25.2874,0.210526316,0.105263158,0.74771877,1,0,1,1,0.956521739,0.273448714,1,0.999999998,1,1,1,0.082455769,7,154881,0.05,0.439,1,-0.065,0.213,1,-0.003,0.59,1,-0.045,0.537,1,4.598606571,9,-0.247,0.606234698,-0.227,0.807666819,0.431,0.266723535,-0.305,0.753092613,NA,10,-0.426,-0.302,-0.497,-0.452,-0.359,0.268,0.031,-0.017,-0.106,-0.336,-0.494,0.508,0.038,-0.683,-0.424,1.087653742,0.011066505,0.216027482,-0.016580878,0.008145013,-0.051649819,0.003739388,-0.027807553,0.812920085,0.004668152,0.322094718,0.009703656,0.704016523,0.013199002
68,HOXA10,68,NA,NA,NA,NA,NA,NA,NA,NA,NA,NA,NA,NA,NA,NA,NA,NA,NA,NA,NA,NA,NA,NA,NA,NA,NA,NA,NA,NA,NA,NA,NA,NA,NA,NA,NA,NA,NA,NA,NA,NA,NA,NA,NA,NA,NA,NA,NA,NA,NA,NA,NA,NA,0.82469,0.8245,0.999997,15570,-0.009768578,-0.084828678,-0.284707226,0.778905304,4,14,2,0,20,1182,0.676,11,6,16.9205,0.468085106,0.297297297,0.207952896,1,0,1,1,1.6,0.041658107,0.505087244,0.999999684,1,1,1,0.131320882,7,3206,0.31,0.09,1,0.31,0.834,1,0.108,0.463,1,0.108,0.701,1,4.557039819,9,-0.143,0.611262854,0.181,0.686672564,0.473,0.016986064,0.19,0.762006458,0.591,10,0.407,-0.041,-0.475,0.099,-2.506,-0.316,-0.291,-0.292,-0.676,0.148,-0.248,0.26,-0.115,0.429,-0.378,-1.551753102,0.006993687,0.37683201,-0.031508501,0.308198374,-0.016972121,0.548323197,-0.02598043,0.203982356,-0.017869774,0.945393463,0.011142493,0.404323016,-0.011978288
69,CLDN15,69,NA,NA,NA,NA,NA,NA,NA,NA,NA,NA,NA,NA,NA,NA,NA,NA,NA,NA,NA,NA,NA,NA,NA,NA,NA,NA,NA,NA,NA,NA,NA,NA,NA,NA,NA,NA,NA,NA,NA,NA,NA,NA,NA,NA,NA,NA,NA,NA,NA,NA,NA,NA,0.73924,0.73903,0.999997,13945,-0.002972466,-0.041254838,0.179457583,0.833922482,3,14,1,1,19,687,0.55525,7,9,27.6565,0.324324324,0.115384615,0.616668617,1,0.096153846,0.257193063,1,0.761904762,0.504430081,1,0.985968302,1,1,1,0.121141309,7,24146,-0.01,0.548,1,-1.205,8.35E-69,1.25E-64,0.15,0.326,1,-0.134,0.237,1,4.477951234,10,-0.339,0.421847717,-0.333,0.973478122,0.082,0.719752171,-0.22,0.802902145,NA,10,-0.805,-0.663,-0.209,0.096,-0.437,-0.471,-0.286,-0.51,-0.476,-0.279,-0.696,-1.034,-0.565,-0.655,-0.473,NA,NA,0.528027273,-0.026844142,0.434594898,-0.016091576,0.84530872,-0.002418314,0.833862142,0.015659946,0.588634611,-0.000984242,0.732097997,-0.006237428
70,ZNF92,70,NA,NA,NA,NA,NA,NA,NA,NA,NA,NA,NA,NA,NA,NA,NA,NA,NA,NA,NA,NA,NA,NA,NA,NA,NA,NA,NA,NA,NA,NA,NA,NA,NA,NA,NA,NA,NA,NA,NA,NA,NA,NA,NA,NA,NA,NA,NA,NA,NA,NA,NA,NA,0.96485,0.96472,0.999997,18272,0.015222804,0.011843759,0.100210863,0.706363043,10,29,4,0,43,1761,0.3041176,11,26,24.4179,0.392523364,0.153284672,0.544081394,1,0,1,1,0.436363636,0.942560047,1,0.999999998,1,1,1,0.050591927,7,168374,-0.02,0.61,1,-0.02,0.583,1,-0.617,0.759,1,-0.617,0.349,1,4.386001832,9,-0.106,0.763016157,-0.03,0.17509466,-0.014,0.884410888,-0.22,0.927968854,NA,10,0.089,-0.008,-0.572,0.323,-0.058,-0.054,0.047,0.039,0.006,-0.301,0.014,0.606,-0.001,-0.088,-0.202,1.625826171,0.014816676,0.196469048,0.007416325,0.734609243,0.007395612,0.388682998,0.000946887,0.896189779,-0.027478233,0.678334539,-0.014080157,0.595585633,-0.009681434
71,CEP41,71,NA,NA,NA,NA,NA,NA,NA,NA,NA,NA,NA,NA,NA,NA,NA,NA,NA,NA,NA,NA,NA,NA,NA,NA,NA,NA,NA,NA,NA,NA,NA,NA,NA,NA,NA,NA,NA,NA,NA,NA,NA,NA,NA,NA,NA,NA,NA,NA,NA,NA,NA,NA,0.74432,0.74407,0.999997,14037,-0.050272593,-0.007684815,-0.065144357,0.712993052,0,28,3,1,32,1122,0.3172778,5,11,28.5205,4.571428571,0.258064516,0.269833046,1,0.080645161,0.300075588,1,0.48,0.852075171,1,4.92E-05,0.000144339,1,1,0.074406239,7,95681,0.285,0.019,1,0.285,0.993,1,0.108,0.399,1,0.108,0.76,1,4.33945542,10,-0.053,0.872900978,0.014,0.763668533,0.433,0.252247976,0.367,0.045223651,0.538,10,-0.142,-1.366,0.034,-0.386,0.006,0.289,0.216,0.014,0.011,0.166,-0.517,-0.377,-0.02,-0.461,-0.056,2.103834118,0.000296236,0.556173142,0.009817205,0.426800725,-0.006584873,0.912805403,0.004096938,0.000601741,-0.041635803,3.75E-06,-0.06017034,2.07E-06,-0.046851508
72,BRAF,72,TRUE,TRUE,1,1,1,1,1.00E-07,1,0.6176,1,1,1,1,1,1,1,0.0552,1,1,1,1,1,1,1,0,1,1,0,1,1,1,0,0,v-raf murine sarcoma viral oncogene homolog B1,673,7:140734597-140924703,1,Yes,7q34,yes,,"melanoma, colorectal, papillary thyroid, borderline ovarian, NSCLC, cholangiocarcinoma, pilocytic astrocytoma, Spitzoid tumour, pancreas acinar carcinoma, melanocytic nevus, prostate, gastric",,,"E, O",Dom,"oncogene, fusion","Mis, T, O","AKAP9, KIAA1549, CEP88, LSM14A, SND1, FCHSD1, SLC45A3, FAM131B, RNF130, CLCN6, MKRN1, GNAI1, AGTRAP",yes,Cardio-facio-cutaneous syndrome,"673,BRAF,ENSG00000157764,P15056",0.47259,0.47584,0.999997,9009,-0.033923333,0.007585371,0.111441358,0.769566857,12,491,4,2,509,2301,0.8917425,462,32,221.2082,0.330708661,0.125748503,0.701292893,1,0.05988024,0.262722237,1,13.82089552,3.71E-137,3.44E-133,3.32E-06,1.03E-05,1,1,0.038299813,7,673,-1.4,1,1,-1.4,1.07E-07,0.002,1.072,0.003,1,1.072,0.999,1,4.326032513,10,-0.342,0.28969894,-0.617,0.048694787,0.255,0.453726062,-0.023,0.824227833,0.338,10,0.181,0.091,0.255,-0.027,-0.46,-0.818,-1.18,0.158,-0.207,-0.759,-0.686,-0.388,-1.695,-1.357,-0.86,NA,NA,0.33355767,0.01108417,0.277834746,0.012829106,0.11409229,0.017194019,0.488880496,0.026879229,0.180042613,0.025183942,0.113497328,0.02494132
73,GIMAP2,73,NA,NA,NA,NA,NA,NA,NA,NA,NA,NA,NA,NA,NA,NA,NA,NA,NA,NA,NA,NA,NA,NA,NA,NA,NA,NA,NA,NA,NA,NA,NA,NA,NA,NA,NA,NA,NA,NA,NA,NA,NA,NA,NA,NA,NA,NA,NA,NA,NA,NA,NA,NA,0.23345,0.28992,0.999997,5533,0.010455697,-0.017524768,-0.219039306,0.622282055,8,21,4,0,33,1014,0.5416875,10,19,32.5444,0.482758621,0.205882353,0.380420628,1,0,1,1,0.536585366,0.814586315,1,8.24E-18,3.58E-17,1,1,0.191081401,7,26157,0.11,0.226,1,0.11,0.89,1,0.129,0.082,1,0.129,0.569,1,4.208897847,10,0.089,0.620758524,0.275,0.582313459,0.382,0.577277416,0.309,0.222766021,0.514,10,0.196,0.355,0.186,0.121,0.061,0.239,0.201,0.336,0.28,0.316,-0.064,-0.546,0.31,0.248,0.173,1.290423534,0.034028345,0.229664782,0.003278464,0.541260528,0.001568013,0.259200911,0.00429236,0.306097744,0.038094792,0.583832084,-0.015995483,0.746166983,0.009587295
74,ZC3HAV1L,74,NA,NA,NA,NA,NA,NA,NA,NA,NA,NA,NA,NA,NA,NA,NA,NA,NA,NA,NA,NA,NA,NA,NA,NA,NA,NA,NA,NA,NA,NA,NA,NA,NA,NA,NA,NA,NA,NA,NA,NA,NA,NA,NA,NA,NA,NA,NA,NA,NA,NA,NA,NA,0.028087,0.062044,0.961007,1234,-0.054268921,-0.101661707,0.100907421,0.772415878,3,13,0,0,16,903,0.3796667,6,10,17.7187,0.054054054,0.01754386,1,1,0,1,1,0.608695652,0.699045414,1,1.73E-07,5.62E-07,1,1,0.034963902,7,92092,-0.02,0.616,1,-0.19,0.366,1,1.016,0.024,1,0.545,0.791,1,4.169021023,10,-0.152,0.934460515,-0.878,0.538846618,0.047,0.907162993,-0.086,0.614537242,0.584,10,-0.03,-0.161,-0.358,-0.108,-0.308,-0.026,-0.067,-0.14,-0.639,0.063,-0.258,-0.441,-0.493,-0.381,-0.21,NA,NA,0.12396569,-0.019632437,0.075820396,-0.021317712,0.016656251,-0.03027043,0.210584648,-0.025886054,0.030790264,-0.035877757,0.005701675,-0.020388393
75,ZNF777,75,NA,NA,NA,NA,NA,NA,NA,NA,NA,NA,NA,NA,NA,NA,NA,NA,NA,NA,NA,NA,NA,NA,NA,NA,NA,NA,NA,NA,NA,NA,NA,NA,NA,NA,NA,NA,NA,NA,NA,NA,NA,NA,NA,NA,NA,NA,NA,NA,NA,NA,NA,NA,0.48552,0.48764,0.999997,9214,0.008598563,0.016388864,-1.01858232,2.738161336,17,49,5,0,71,2496,0.4771212,22,33,28.4455,0.293785311,0.151162791,0.604977794,1,0,1,1,0.666666667,0.607697631,1,1.45E-19,6.63E-19,1,1,0.004732746,7,27153,-1.585,1,1,-1.585,6.12E-46,9.14E-42,-1.647,1,1,-1.647,5.65E-18,8.48E-14,4.121579757,9,-0.171,0.205766152,-1.169,0.126407842,-0.195,0.516621173,0.181,0.280165933,NA,10,-0.073,-0.262,-0.618,-0.378,-0.317,-0.52,-0.445,-0.493,-0.112,-0.455,-0.518,-0.091,-0.251,-0.984,-0.294,NA,NA,0.18170736,0.020863508,0.039779596,0.038921733,0.034495842,0.027606623,0.161241375,-0.027419111,0.938681618,-0.001589434,0.318052447,-0.006952561
76,ZNF789,76,NA,NA,NA,NA,NA,NA,NA,NA,NA,NA,NA,NA,NA,NA,NA,NA,NA,NA,NA,NA,NA,NA,NA,NA,NA,NA,NA,NA,NA,NA,NA,NA,NA,NA,NA,NA,NA,NA,NA,NA,NA,NA,NA,NA,NA,NA,NA,NA,NA,NA,NA,NA,0.097062,0.16237,0.988199,3135,-0.012785845,-0.03806737,-0.308892597,0.738176716,4,11,2,0,17,1278,0.5113,5,8,13.302,0.468085106,0.234042553,0.424937678,1,0,1,1,0.631578947,0.673001229,1,0.991549181,1,1,1,0.014027449,7,285989,0.17,0.275,1,-0.24,0.457,1,0.868,0.000446,1,0.839,0.753,1,4.074968516,10,-0.191,0.187291953,-0.35,0.830371403,0.125,0.687370808,-0.01,0.963030124,NA,10,-0.204,0.192,-0.105,-0.105,-0.277,0.058,0.143,-0.038,-0.398,-0.034,-0.262,-0.45,-0.064,0.317,-0.031,NA,NA,0.017963852,-0.022835548,0.072452758,-0.027159512,0.002822633,-0.016562442,0.15933582,0.008093774,0.01586198,0.034483289,0.031031111,0.02806089
77,PUS7,77,NA,NA,NA,NA,NA,NA,NA,NA,NA,NA,NA,NA,NA,NA,NA,NA,NA,NA,NA,NA,NA,NA,NA,NA,NA,NA,NA,NA,NA,NA,NA,NA,NA,NA,NA,NA,NA,NA,NA,NA,NA,NA,NA,NA,NA,NA,NA,NA,NA,NA,NA,NA,0.11327,0.18555,0.994438,3565,-0.024364375,0.010785745,-0.548810401,1.396751296,6,25,8,0,39,1986,0.653875,17,10,19.6375,1.223880597,0.719298246,0.001776938,0.120751955,0,1,1,1.565217391,0.017366848,0.342096928,0.995505568,1,0.001263556,0.098752999,0.683124735,7,54517,-0.06,0.689,1,-0.06,0.481,1,0.024,0.574,1,0.024,0.618,1,4.060802271,10,-0.494,0.254597845,-0.617,0.40474791,-0.436,0.743136761,-0.217,0.618039951,0.569,10,-0.418,-0.648,-1.105,-0.49,-0.585,-0.26,-0.422,-0.245,-0.563,-0.346,-1.171,-0.205,-0.95,-0.055,-0.812,NA,NA,0.550621898,0.012648361,0.188036477,-0.007632983,0.252698259,0.0126574,0.300155801,0.022440013,0.245393008,0.0165285,0.1493831,0.006109282
78,BPGM,78,NA,NA,NA,NA,NA,NA,NA,NA,NA,NA,NA,NA,NA,NA,NA,NA,NA,NA,NA,NA,NA,NA,NA,NA,NA,NA,NA,NA,NA,NA,NA,NA,NA,NA,NA,NA,NA,NA,NA,NA,NA,NA,NA,NA,NA,NA,NA,NA,NA,NA,NA,NA,0.080813,0.13921,0.987202,2694,0.000836447,-0.097529574,0.232757089,1.246842822,4,10,1,0,15,780,0.7348571,6,7,19.2308,0.255319149,0.142857143,0.678525411,1,0,1,1,0.823529412,0.453939473,1,6.66E-07,2.11E-06,1,1,0.148850237,7,669,0.23,0.043,1,0.23,0.98,1,-0.455,0.979,1,-0.455,0.06,1,3.962336431,8,0.29,0.083860833,0.822,0.009257577,0.291,0.529824251,0.32,0.398312257,NA,10,-0.035,0.121,-0.067,0.129,0.018,-0.158,-0.195,0.246,-0.233,0.253,-0.076,0.244,0.175,-0.258,-0.384,NA,NA,0.011161156,-0.0618801,6.40E-05,-0.080679668,0.000515063,-0.071279884,0.032888926,0.010811502,0.009962528,0.032859205,0.002016965,0.010529852
79,PTCD1,79,NA,NA,NA,NA,NA,NA,NA,NA,NA,NA,NA,NA,NA,NA,NA,NA,NA,NA,NA,NA,NA,NA,NA,NA,NA,NA,NA,NA,NA,NA,NA,NA,NA,NA,NA,NA,NA,NA,NA,NA,NA,NA,NA,NA,NA,NA,NA,NA,NA,NA,NA,NA,0.98863,0.9887,0.999997,18786,-0.174886628,-0.049916691,-0.11923076,0.494116941,15,32,3,0,50,2103,0.4226667,13,29,23.7756,0.203821656,0.105263158,0.81573771,1,0.032894737,1,1,0.459016393,0.932004702,1,0.999999999,1,1,1,0.042873865,7,26024,-1.265,1,1,-1.265,3.28E-15,4.77E-11,-2.223,1,1,-2.223,8.28E-11,1.23E-06,3.911224267,10,-1.616,0.000428537,-2.367,0.00032627,-1.282,0.006266472,-1.831,0.002209539,NA,10,-1.566,-2.283,-1.447,-1.183,-1.664,-0.866,-0.968,-1.527,-1.381,-1.967,-2.01,-1.25,-0.975,-1.82,-1.544,NA,NA,0.380377416,-0.016968708,0.255279878,-0.01823335,0.186926934,-0.016080731,0.000228275,-0.137642209,2.69E-05,-0.267920035,0.000299183,-0.147672656
80,WASL,80,NA,NA,NA,NA,NA,NA,NA,NA,NA,NA,NA,NA,NA,NA,NA,NA,NA,NA,NA,NA,NA,NA,NA,NA,NA,NA,NA,NA,NA,NA,NA,NA,NA,NA,NA,NA,NA,NA,NA,NA,NA,NA,NA,NA,NA,NA,NA,NA,NA,NA,NA,NA,0.73491,0.73473,0.999997,13858,-0.004269322,-0.004851928,-0.598282524,1.631664351,7,22,4,2,35,1518,0.6544667,15,12,23.0567,0.545454545,0.313432836,0.136127808,1,0.149253731,0.061838684,1,1.185185185,0.089978673,0.724507651,0.001620987,0.004297248,1,1,0.316607204,7,8976,0.145,0.276,1,0.145,0.858,1,-0.233,0.667,1,-0.233,0.362,1,3.860453877,10,-0.093,0.36196619,-0.575,0.918483714,-0.038,0.67717409,-0.552,0.92239454,0.575,10,-0.466,-0.321,-0.451,0.096,-0.463,-0.506,0.01,-0.617,-0.301,-0.353,-0.39,-0.22,0.028,-1.067,-0.166,NA,NA,0.760062972,-0.028648839,0.908254273,-0.025308903,0.551845122,-0.012589191,0.83942941,-0.010912418,0.684734012,-0.03560641,0.875612176,-0.024774102
81,VKORC1L1,81,NA,NA,NA,NA,NA,NA,NA,NA,NA,NA,NA,NA,NA,NA,NA,NA,NA,NA,NA,NA,NA,NA,NA,NA,NA,NA,NA,NA,NA,NA,NA,NA,NA,NA,NA,NA,NA,NA,NA,NA,NA,NA,NA,NA,NA,NA,NA,NA,NA,NA,NA,NA,0.21795,0.27946,0.999997,5334,-0.008060452,-0.006496907,0.689619338,2.06919031,2,7,0,0,9,531,0.3616667,4,4,16.9492,0.074074074,0.037037037,1,1,0,1,1,0.909090909,0.428217998,1,0.999993328,1,1,1,0.031698962,7,154807,-0.4,0.911,1,-0.4,0.00055,1,-0.942,0.997,1,-0.942,5.66E-05,0.82,3.85951739,9,0.273,0.074251808,-0.124,0.767793338,-0.319,0.17216624,-0.166,0.766255902,NA,10,0.13,0.113,1.212,0.033,0.417,0.508,0.582,0.265,-0.184,0.067,-0.159,0.053,-0.36,0.113,-0.031,1.44008837,0.000158618,0.016447611,-0.035256877,0.001037914,-0.040236065,0.000412272,-0.03401308,0.089081681,0.028344297,0.130774265,0.016385175,0.054796122,0.014269717
82,CREB5,82,NA,NA,NA,NA,NA,NA,NA,NA,NA,NA,NA,NA,NA,NA,NA,NA,NA,NA,NA,NA,NA,NA,NA,NA,NA,NA,NA,NA,NA,NA,NA,NA,NA,NA,NA,NA,NA,NA,NA,NA,NA,NA,NA,NA,NA,NA,NA,NA,NA,NA,NA,NA,0.066535,0.11859,0.984455,2302,-0.018423595,-0.077541993,-0.356717728,0.800119454,18,36,8,1,63,1527,0.557,23,28,41.2574,0.438502674,0.278911565,0.122225821,1,0,0.577778584,1,0.813559322,0.174335383,0.886481429,0.999999996,1,1,1,0.419030074,7,9586,0.08,0.26,1,0.08,0.085,1,0.284,0.196,1,0.284,0.815,1,3.56502593,9,-0.852,0.722615803,-1.144,0.471013027,-0.43,0.856570389,-0.55,0.863197518,0.559,10,-0.881,-0.94,-0.771,-0.422,-0.659,-1.33,-0.99,-0.794,-0.417,-0.585,-0.837,-0.989,-1.091,-0.899,-0.851,NA,NA,0.291892121,-0.003062,0.016692753,-0.031164097,0.018555762,-0.019993594,0.075438168,-0.024749032,0.099344258,-0.020627729,0.031281756,-0.015290374
83,ALKBH4,83,NA,NA,NA,NA,NA,NA,NA,NA,NA,NA,NA,NA,NA,NA,NA,NA,NA,NA,NA,NA,NA,NA,NA,NA,NA,NA,NA,NA,NA,NA,NA,NA,NA,NA,NA,NA,NA,NA,NA,NA,NA,NA,NA,NA,NA,NA,NA,NA,NA,NA,NA,NA,0.33143,0.3599,0.999997,6815,0.003604393,0.043405503,-0.079482314,0.552338715,8,11,1,0,20,909,0.7025714,6,12,22.0022,0.137931034,0.089552239,0.777632555,1,0,1,1,0.518518519,0.814147015,1,0.999942248,1,1,1,0.046917165,7,54784,-0.23,0.838,1,-0.23,0.064,1,-0.085,0.691,1,-0.085,0.479,1,3.49770646,10,-0.083,0.793163997,-0.139,0.682918606,0.357,0.074289197,0.264,0.434398348,0.508,10,-0.066,0.106,-0.206,-0.229,-0.007,-0.108,0.185,-0.047,-0.23,0.039,-0.299,-0.239,-0.215,-0.073,-0.186,1.276610432,0.006756893,0.635998039,-0.005107122,0.005655798,-0.033277063,0.029308483,-0.01165995,0.227091281,0.029549979,0.074209887,0.032075298,0.034826618,0.024907732
84,DTX2,84,NA,NA,NA,NA,NA,NA,NA,NA,NA,NA,NA,NA,NA,NA,NA,NA,NA,NA,NA,NA,NA,NA,NA,NA,NA,NA,NA,NA,NA,NA,NA,NA,NA,NA,NA,NA,NA,NA,NA,NA,NA,NA,NA,NA,NA,NA,NA,NA,NA,NA,NA,NA,0.075743,0.13194,0.987051,2547,-0.027818584,0.008347315,-0.253631055,0.682088415,15,26,2,0,43,1869,0.3334444,11,28,23.007,0.140127389,0.074829932,0.863212737,1,0,1,1,0.406779661,0.965192588,1,0.999999998,1,1,1,0.009872861,7,113878,-0.29,0.999,1,-0.29,0.003,1,-0.108,0.743,1,-0.108,0.296,1,3.479430913,10,0.14,0.482060216,0.518,0.041531044,0.196,0.488898893,0.116,0.471337238,NA,10,0.006,0.21,0.097,0.345,-0.012,0.356,0.029,0.23,-0.278,0.448,0.299,0.091,0.174,0.211,-0.089,1.145987549,0.020285086,0.446513709,-0.006888178,0.940819219,-0.02554424,0.735230019,-0.023617198,0.633754828,-0.004049835,0.893289624,-0.016743409,0.585253102,-0.005670236
85,STX1A,85,NA,NA,NA,NA,NA,NA,NA,NA,NA,NA,NA,NA,NA,NA,NA,NA,NA,NA,NA,NA,NA,NA,NA,NA,NA,NA,NA,NA,NA,NA,NA,NA,NA,NA,NA,NA,NA,NA,NA,NA,NA,NA,NA,NA,NA,NA,NA,NA,NA,NA,NA,NA,0.99081,0.99082,0.999997,18831,-0.006539934,-0.028034833,-0.013290292,0.75180641,4,13,1,0,18,867,0.2374286,5,11,20.7612,0.255319149,0.096774194,0.88145531,1,0,1,1,0.48,0.889722405,1,0.999999998,1,1,1,0.026736059,7,6804,-0.05,0.682,1,-1.93,9.08E-10,1.30E-05,0.266,0.236,1,-1.698,0.000335,1,3.186026474,10,0.072,0.430117589,-0.101,0.9084491,0.218,0.639812564,0.287,0.099226258,NA,10,0.17,0.114,0.327,-0.009,0.061,0.385,0.169,0.337,-0.279,0.001,-0.221,0.132,-0.073,-0.008,0.029,NA,NA,0.938996338,-0.007250648,0.810330607,0.008958853,0.596375682,-0.014981498,0.83374861,0.006837174,0.132187938,-0.055495139,0.508652577,-0.024523527
86,AP4M1,86,NA,NA,NA,NA,NA,NA,NA,NA,NA,NA,NA,NA,NA,NA,NA,NA,NA,NA,NA,NA,NA,NA,NA,NA,NA,NA,NA,NA,NA,NA,NA,NA,NA,NA,NA,NA,NA,NA,NA,NA,NA,NA,NA,NA,NA,NA,NA,NA,NA,NA,NA,NA,0.061111,0.11068,0.9824,2152,-0.006202507,0.042701595,-0.764508781,1.720510668,7,26,6,0,39,1362,0.55945,16,16,28.6344,0.805194805,0.356321839,0.030183189,0.640237668,0,1,1,0.971428571,0.194109727,0.886481429,0.999999999,1,0.036987969,0.733745195,0.421826054,7,9179,-0.45,0.844,1,-0.45,0.025,1,0.127,0.484,1,0.127,0.688,1,3.162259192,10,-0.419,0.991309669,-0.652,0.987747697,0.13,0.860495091,-0.191,0.781354598,0.452,10,0.018,-0.42,0.158,-0.048,-0.538,0.305,-0.496,-0.041,-0.115,-0.401,-0.143,-0.283,-0.392,-0.229,-0.607,NA,NA,0.890409857,-0.000957737,0.553152093,0.00081395,0.589886019,-7.19E-05,0.565490372,0.011219175,0.083906132,-0.03275939,0.734948658,-0.006856489
87,TRGC1,87,NA,NA,NA,NA,NA,NA,NA,NA,NA,NA,NA,NA,NA,NA,NA,NA,NA,NA,NA,NA,NA,NA,NA,NA,NA,NA,NA,NA,NA,NA,NA,NA,NA,NA,NA,NA,NA,NA,NA,NA,NA,NA,NA,NA,NA,NA,NA,NA,NA,NA,NA,NA,0.66453,0.66419,0.999997,12533,NA,NA,0.044464943,0.660887923,7,15,3,2,27,174,0.935,7,8,155.1724,0.415584416,0.340425532,0.149666075,1,0.106382979,0.033026427,0.846204308,0.842105263,0.420054497,1,0.999999997,1,1,1,0.647911979,7,NA,NA,NA,NA,NA,NA,NA,NA,NA,NA,NA,NA,NA,3.101384897,NA,NA,NA,NA,NA,NA,NA,NA,NA,0.486,4,0.21,0.122,1.103,-0.133,0.122,0.152,0.114,0.211,0.438,0.113,0.455,0.045,0.048,0.575,0.65,NA,NA,0.922042442,0.003507919,0.351445754,-0.01862057,0.539946212,-0.012642393,0.925713884,0.005158338,0.281165384,-0.022523054,0.443288315,-0.00994937
88,SEMA3C,88,NA,NA,NA,NA,NA,NA,NA,NA,NA,NA,NA,NA,NA,NA,NA,NA,NA,NA,NA,NA,NA,NA,NA,NA,NA,NA,NA,NA,NA,NA,NA,NA,NA,NA,NA,NA,NA,NA,NA,NA,NA,NA,NA,NA,NA,NA,NA,NA,NA,NA,NA,NA,0.14467,0.23013,0.996358,4403,-0.034711553,-0.015068107,0.199744718,0.796500415,16,44,8,3,71,2256,0.6468824,26,27,31.4716,0.491017964,0.288732394,0.097398799,0.978888609,0.070422535,0.066408885,1,0.947368421,0.206735695,0.918254338,0.999999998,1,0.079620576,0.974856983,0.106625864,7,10512,0.78,0.129,1,0.78,0.826,1,-1.513,0.837,1,-1.513,0.071,1,3.022646984,10,-0.088,0.781041051,0.04,0.285237258,-0.152,0.913376168,-0.096,0.544269624,NA,10,0.139,-0.089,-0.169,-0.014,-0.05,0.189,-0.113,-0.16,-0.069,-0.323,-0.171,-0.44,0.013,-0.4,-0.267,NA,NA,0.389771147,-0.029076585,0.033246062,-0.041879877,0.043249631,-0.035298498,0.601028171,0.0112671,0.254188181,-0.007780942,0.781702201,-0.007596564
89,SMO,89,NA,NA,NA,NA,NA,NA,NA,NA,NA,NA,NA,NA,NA,NA,NA,NA,NA,NA,NA,NA,NA,NA,NA,NA,NA,NA,NA,NA,NA,NA,NA,NA,NA,smoothened homolog (Drosophila),6608,7:129189152-129212451,1,,7q31-q32,yes,,skin basal cell,,,E,Dom,oncogene,Mis,,,,"6608,ENSG00000128602,Q99835,SMO,SMOH",0.99438,0.99441,0.999997,18937,0.014903441,-0.009445427,0.234930659,0.916968759,10,50,5,0,65,2364,0.6358387,34,22,27.4958,0.485981308,0.222222222,0.155739947,1,0,1,1,1.489361702,0.00094993,0.067637896,5.63E-05,0.000164604,1,1,0.094720919,7,6608,-1.82,0.847,1,-1.78,3.98E-17,5.81E-13,-0.356,0.815,1,-1.067,0.04,1,2.989799504,9,-0.048,0.991309669,-0.323,0.434299931,0.215,0.714625829,-0.478,0.502594637,NA,10,-0.264,-0.287,-0.136,-0.158,-0.411,0.183,-0.177,-0.115,-0.256,-0.039,-0.799,-0.396,0.033,-0.724,-0.182,NA,NA,0.38211816,0.01665381,0.883697161,-0.010940507,0.421548458,-0.004236161,0.705936716,-0.008624939,0.419202151,0.002992561,0.926329211,-0.001030133
90,DNAJC30,90,NA,NA,NA,NA,NA,NA,NA,NA,NA,NA,NA,NA,NA,NA,NA,NA,NA,NA,NA,NA,NA,NA,NA,NA,NA,NA,NA,NA,NA,NA,NA,NA,NA,NA,NA,NA,NA,NA,NA,NA,NA,NA,NA,NA,NA,NA,NA,NA,NA,NA,NA,NA,0.89391,0.89346,0.999997,16891,-0.015417835,0.001629071,-0.245258959,0.681876628,4,6,0,0,10,681,0.54075,3,6,14.6843,0.042553191,0.027027027,1,1,0,1,1,0.533333333,0.785784137,1,0.999991718,1,1,1,0.061587436,7,84277,-0.95,0.983,1,-0.95,5.12E-09,7.31E-05,-1.21,0.977,1,-1.21,1.72E-06,0.025,2.969268422,9,-0.015,0.992801829,-0.722,0.705894812,-0.086,0.950894022,0.307,0.408680288,NA,10,0.178,0.062,-0.391,-0.445,-0.86,-0.142,-0.21,-0.22,-0.48,0.191,-0.124,-0.326,-0.644,0.19,-0.288,NA,NA,0.847584395,-0.007205661,0.549239142,0.008532145,0.406469,0.008780856,0.792447275,-0.02032178,0.492564695,-0.027369442,0.616128048,-0.031020371
91,CCZ1B,91,NA,NA,NA,NA,NA,NA,NA,NA,NA,NA,NA,NA,NA,NA,NA,NA,NA,NA,NA,NA,NA,NA,NA,NA,NA,NA,NA,NA,NA,NA,NA,NA,NA,NA,NA,NA,NA,NA,NA,NA,NA,NA,NA,NA,NA,NA,NA,NA,NA,NA,NA,NA,0.61693,0.61673,0.999997,11670,0.003699646,-0.007864138,0.148183624,0.70460941,3,4,0,2,9,1449,0.021,1,5,6.2112,0.054054054,0.03125,1,1,0.15625,0.01633704,0.638569691,0.307692308,0.853525296,1,1.80E-09,6.24E-09,1,1,0.092255215,7,NA,NA,NA,NA,NA,NA,NA,NA,NA,NA,NA,NA,NA,2.582811837,9,0.173,0.350082871,-0.364,0.905436965,-0.12,0.840221478,-0.002,0.844708977,NA,10,-0.413,-0.495,-0.637,-0.663,-0.536,-1.091,-1.56,-0.927,0.17,-1.397,-0.038,-0.768,-0.265,-0.295,-0.383,1.450766494,0.006499924,0.653639001,0.011921185,0.362710806,-0.018473531,0.699089009,0.005336329,0.859262033,-0.00934971,0.181654029,0.009683153,0.343975903,0.005722036
92,GTF2IRD1,92,NA,NA,NA,NA,NA,NA,NA,NA,NA,NA,NA,NA,NA,NA,NA,NA,NA,NA,NA,NA,NA,NA,NA,NA,NA,NA,NA,NA,NA,NA,NA,NA,NA,NA,NA,NA,NA,NA,NA,NA,NA,NA,NA,NA,NA,NA,NA,NA,NA,NA,NA,NA,0.22471,0.28396,0.999997,5419,-0.007809228,-0.039306141,-0.291621956,0.838773719,24,48,4,3,79,2880,0.5996316,27,40,27.4306,0.170040486,0.101449275,0.802369739,1,0.072463768,0.131181215,1,0.674698795,0.589554666,1,0.999999981,1,1,1,0.050900705,7,NA,NA,NA,NA,NA,NA,NA,NA,NA,NA,NA,NA,NA,2.172950663,6,0.015,0.644739386,-0.17,0.871216156,0.491,0.157675311,0.488,0.236764898,NA,10,-0.817,-0.583,-0.991,-0.156,0.285,-0.218,-0.128,-0.397,-0.469,-0.211,0.012,-1.357,-0.35,-0.788,-0.996,1.029854565,0.015709374,0.98943614,-0.002712934,0.623543188,0.0023859,0.710846776,0.003128748,0.609762075,0.01153721,0.220624284,-0.008061568,0.681024594,-0.005688493
93,CRPPA,93,NA,NA,NA,NA,NA,NA,NA,NA,NA,NA,NA,NA,NA,NA,NA,NA,NA,NA,NA,NA,NA,NA,NA,NA,NA,NA,NA,NA,NA,NA,NA,NA,NA,NA,NA,NA,NA,NA,NA,NA,NA,NA,NA,NA,NA,NA,NA,NA,NA,NA,NA,NA,0.34292,0.36866,0.999997,6974,-0.004255519,0.030584191,0.032289218,0.589789802,2,10,0,0,12,1356,0.4517,4,5,8.8496,0.074074074,0.03125,1,1,0,1,1,0.769230769,0.541286766,1,0.034372168,0.083435703,1,1,0.053308982,7,NA,NA,NA,NA,NA,NA,NA,NA,NA,NA,NA,NA,NA,1.837804422,NA,NA,NA,NA,NA,NA,NA,NA,NA,0.502,10,0.145,0.017,-0.261,-0.058,0.007,-0.192,-0.313,0.123,-0.554,-0.377,0.126,-0.374,0.254,-0.207,-0.366,NA,NA,0.524228974,0.004705383,0.015744502,-0.042796458,0.025745359,-0.019853407,0.17729664,-0.058226313,0.164243912,-0.034515321,0.138987164,-0.052489589
94,ZP3,94,NA,NA,NA,NA,NA,NA,NA,NA,NA,NA,NA,NA,NA,NA,NA,NA,NA,NA,NA,NA,NA,NA,NA,NA,NA,NA,NA,NA,NA,NA,NA,NA,NA,NA,NA,NA,NA,NA,NA,NA,NA,NA,NA,NA,NA,NA,NA,NA,NA,NA,NA,NA,0.99655,0.99658,0.999997,19010,0.013880534,0.008693459,-0.347808044,0.841512294,1,15,1,1,18,1160.25,0.3338,5,7,15.5139,0.705882353,0.142857143,0.616655419,1,0.119047619,0.211683238,1,0.705882353,0.588746708,1,0.999999998,1,1,1,0.146683776,7,7784,0.03,0.502,1,-0.1,0.404,1,0.447,0.159,1,0.085,0.679,1,1.308854734,10,-0.309,0.42537661,-0.563,0.864854716,0.221,0.303274939,-0.512,0.105089772,0.488,10,-0.098,-0.289,-0.15,0.11,-0.116,-0.138,-0.379,-0.142,-0.212,-0.443,-0.421,-0.475,-0.13,-0.283,-0.086,NA,NA,0.075887522,0.00994792,0.061312511,-0.022784378,0.024544237,-0.008282589,0.149898091,-0.005651313,0.405029193,-0.014475415,0.737583283,-0.004070974
95,CALN1,95,NA,NA,NA,NA,NA,NA,NA,NA,NA,NA,NA,NA,NA,NA,NA,NA,NA,NA,NA,NA,NA,NA,NA,NA,NA,NA,NA,NA,NA,NA,NA,NA,NA,NA,NA,NA,NA,NA,NA,NA,NA,NA,NA,NA,NA,NA,NA,NA,NA,NA,NA,NA,0.63701,0.63683,0.999997,12038,NA,NA,-0.539342923,1.098287963,17,46,3,0,66,660,0.5548485,23,34,100,0.18079096,0.09039548,0.917977712,1,0,1,1,0.676056338,0.586919332,1,0.999999998,1,1,1,0.028154346,7,83698,0.135,0.174,1,0.135,0.906,1,-0.565,0.995,1,-0.565,0.01,1,1.237975693,8,0.243,0.078472372,-0.148,0.54828064,0.203,0.871415708,0.147,0.930848855,0.493,10,-0.313,-0.055,0.099,-0.221,-0.089,-0.168,-0.193,-0.15,-0.42,0.251,-0.229,0.256,-0.25,-0.079,-0.327,NA,NA,0.022889061,-0.026350853,0.12771623,-0.010236292,0.019361018,-0.022015305,0.732043271,0.002424972,0.217028754,-0.027984596,0.286408965,-0.007904635
96,LSMEM1,96,NA,NA,NA,NA,NA,NA,NA,NA,NA,NA,NA,NA,NA,NA,NA,NA,NA,NA,NA,NA,NA,NA,NA,NA,NA,NA,NA,NA,NA,NA,NA,NA,NA,NA,NA,NA,NA,NA,NA,NA,NA,NA,NA,NA,NA,NA,NA,NA,NA,NA,NA,NA,0.33448,0.36223,0.999997,6862,-0.006348906,-0.007664376,-0.305107541,0.721315763,5,5,2,0,12,396,0.2573333,1,9,30.303,0.385964912,0.211538462,0.474047577,1,0,1,1,0.19047619,0.994851459,1,0.807107716,1,1,1,0.129989472,7,286006,0,0.585,1,0,0.605,1,0.185,0.203,1,0.185,0.902,1,1.126027619,10,0.337,0.037972944,0.641,0.038674689,0.177,0.392641258,0.42,0.175545505,NA,10,0.399,0.541,0.248,-0.181,0.216,0.562,0.435,0.325,0.293,0.46,-0.032,-0.123,0.213,0.299,0.498,NA,NA,0.587033338,-0.001747622,0.547580284,0.008170122,0.857490672,0.005059499,0.0225181,0.025849419,0.295962386,0.022025082,0.024273145,0.020756509