Gene,Entrez.GeneID,ENSEMBL_ID,Brummelkamp.hap1.GTS.ratio,Brummelkamp.hap1.GTS.threshold,Brummelkamp.kbm7.GTS.ratio,Brummelkamp.kbm7.GTS.threshold,Campbell2018.LAML.pvalues,Campbell2018.PANCANCER.pvalues,Campbell2018.Combined.pvalues,Chen2019.CS.pos.score,Chen2019.pos.p.value,Chen2019.pos.p.value.threshold,Chen2019.pos.fdr,Chen2019.pos.rank,Weissman2014.CRISPRi.Growth.phenotype..mean.of.top.3.gammas.,Weissman2014.CRISPRa.Growth.phenotype..mean.of.top.3.gammas.,Weissman2014.CRISPRa.Growth.phenotype.threshold,Doench2018.Average.LFC,Doench2018.Average.negative.log.p.values.,Doench2018.Average.negative.log.p.values.threshold,Elledge2013.TUSON_p_value_TSG,Elledge2013.TUSON_p_value_TSG.threshold,Elledge2013.TUSON_q_value_TSG,Elledge2013.TSG_Probability_LASSO,Elledge2019.HMEC.Average.Log2FC.Drop(desc),Elledge2019.HMEC.Combined.pvalue.drop,Elledge2019.HMEC.FDR.drop,Elledge2019.HMEC.Average.threshold,Elledge2019.HPNE.Average.Log2.Drop,Elledge2019.HPNE.Combined.pvalue.drop,Elledge2019.HPNE.FDR.drop,Elledge2019.HPNE.Average.threshold,Sabbatini2015.KBM7.CS,Sabbatini2015.KBM7.adjusted.p.value,Sabbatini2015.KBM7.threshold,Sabbatini2015.K562.CS,Sabbatini2015.K562.adjusted.p.value,Sabbatini2015.K562.threshold,Sabbatini2015.Jiyoye.CS,Sabbatini2015.Jiyoye.adjusted.p.value,Sabbatini2015.Jiyoye.threshold,Sabbatini2015.Raji.CS,Sabbatini2015.Raji.adjusted.p.value,Sabbatini2015.Raji.threshold,Sabbatini2017.EOL.1,Sabbatini2017.EOL.1.threshold,Sabbatini2017.HEL,Sabbatini2017.HEL.threshold,Sabbatini2017.MOLM.13,Sabbatini2017.MOLM.13.threshold,Sabbatini2017.MonoMac1,Sabbatini2017.MonoMac1.threshold,Sabbatini2017.MV411.threshold,Sabbatini2017.MV412,Sabbatini2017.NB4.rep1,Sabbatini2017.NB4.rep1.threshold,Sabbatini2017.NB4.rep2,Sabbatini2017.NB4.rep2.threshold,Sabbatini2017.OCI.AML2,Sabbatini2017.OCI.AML2.threshold,Sabbatini2017.OCI.AML3,Sabbatini2017.OCI.AML3.threshold,Sabbatini2017.OCI.AML5,Sabbatini2017.OCI.AML5.threshold,Sabbatini2017.P31.FUJ,Sabbatini2017.P31.FUJ.threshold,Sabbatini2017.PL.21,Sabbatini2017.PL.21.threshold,Sabbatini2017.SKM.1,Sabbatini2017.SKM.threshold,Sabbatini2017.TF.1,Sabbatini2017.TF.1.threshold,Sabbatini2017.THP.1,Sabbatini2017.THP.1.threshold,Wallace2016.DEseq2.Log2.Fold.Change,Wallace2016.DEseq2.P.Value,Wallace2016.threshold,Weissman2016a.mean.Replicate1_n_2.Mann.Whitney.p.value,Weissman2016a.CS.average.phenotype.of.strongest.3.2,Weissman2016a.threshold,Weissman2016i.Rep1_2.Mann.Whitney.p.value,Weissman2016i.average.phenotype.of.strongest.3 guides.comb(avg CS for replicate 1 and 2)
POLD2,5425,ENSG00000106628,0.246339363,0,0.207792208,0,NA,NA,NA,0.52414,0.52419,0,0.999997,9935,-0.191684292,-0.00114908,0,0.346582571,1.042530929,0,1,0,1,0.168939556,-0.15,0.129,1,0,-0.201,0.266,1,0,-2.375,0.000172262,0,-2.895,0.000675671,0,-3.058,1.86E-05,0,-1.718,0.000154401,0,-2.417,0,-3.146,0,-2.7,0,-1.838,0,-2.067,0,-2.118,0,-2.35,0,-2.187,0,-2.225,0,-3.504,0,-3.275,0,-2.019,0,-2.306,0,-3.45,0,-3.567,0,1.130542074,0.024890594,1,0.137058611,-0.012418613,0,7.45E-06,-0.205830273
EZH2,2146,ENSG00000106462,0.414477525,0,0.21182266,0,0.0498,1,0.06550636,0.61422,0.614,0,0.999997,11628,0.027567093,0.034244506,0,-0.178380364,0.581781398,0,1,0,1,0.069041124,-0.39,0.009,1,0,0.421,0.95,1,0,-1.6,0.029984967,0,-0.677,0.967618297,0,-0.015,0.902487815,0,-1.35,0.001421225,0,0.068,0,-0.215,0,-1.934,0,-1.947,0,-1.868,0,-0.42,0,-0.381,0,-0.752,0,-0.665,0,-1.001,0,0.178,0,0.919,0,-1.706,0,-2.087,0,-1.605,0,NA,NA,0,0.798109366,-0.000227664,0,0.021933869,0.033730516
PTCD1,26024,ENSG00000106246,0.486842105,0,0.488023952,0,NA,NA,NA,0.98863,0.9887,0,0.999997,18786,-0.174886628,-0.049916691,0,-0.11923076,0.494116941,0,1,0,1,0.042873865,-1.265,3.28E-15,4.77E-11,1,-2.223,8.28E-11,1.23E-06,1,-1.616,0.000428537,0,-2.367,0.00032627,0,-1.282,0.006266472,0,-1.831,0.002209539,0,-1.566,0,-2.283,0,-1.447,0,-1.183,0,-1.664,0,-0.866,0,-0.968,0,-1.527,0,-1.381,0,-1.967,0,-2.01,0,-1.25,0,-0.975,0,-1.82,0,-1.544,0,NA,NA,0,0.186926934,-0.016080731,0,0.000299183,-0.147672656
MCM7,4176,ENSG00000166508,0.077803204,0,0.087719298,0,NA,NA,NA,0.72494,0.72481,0,0.999997,13679,0.007302591,-0.099646682,1,-0.243139894,0.719576168,0,0.010271812,1,0.382968404,0.651405722,-0.08,0.258,1,0,0.19,0.797,1,0,-2.674,0.004885474,0,-2.531,0.019920441,0,-2.384,0.004388801,0,-1.965,0.003534303,0,-2.779,0,-3.038,0,-3.451,0,-1.285,0,-2.536,0,-1.624,0,-2.217,0,-2.592,0,-2.385,0,-3.472,0,-3.049,0,-1.725,0,-1.879,0,-2.898,0,-3.325,0,NA,NA,0,0.529921244,-0.01496967,0,0.308964257,-0.069984494
NUP205,NA,ENSG00000155561,0.06980057,0,0.048442907,0,NA,NA,NA,0.98416,0.98426,0,0.999997,18676,-0.317501672,-0.013491858,0,-0.578155141,1.431854099,1,0.030364175,1,0.669625061,0.241634041,NA,NA,NA,0,NA,NA,NA,0,-1.457,0.067470116,0,-1.542,0.122336206,0,-2.023,0.01418695,0,-1.746,0.004900841,0,-1.159,0,-3.298,0,-1.813,0,-1.246,0,-1.453,0,-0.572,0,-0.968,0,-2.12,0,-1.361,0,-2.165,0,-2.378,0,-1.174,0,-2.369,0,-2.675,0,-2.244,0,NA,NA,0,0.050027993,0.00524048,0,2.22E-07,-0.339325245
VPS41,27072,ENSG00000006715,0.471486444,0,0.465968586,0,NA,NA,NA,0.4232,0.43306,0,0.999997,8208,-0.023796892,0.009152616,0,-0.539170857,1.174580159,0,1,0,1,0.04769379,-0.705,0.002,1,0,-1.572,0.102,1,0,-0.281,0.513740102,0,-0.553,0.432327883,0,-0.23,0.973727362,0,-1.115,0.009986147,0,-0.527,0,-0.45,0,-0.297,0,-0.935,0,-0.079,0,0.102,0,-0.189,0,-0.184,0,-0.478,0,-0.072,0,-0.091,0,0.061,0,-0.819,0,-0.503,0,0.086,0,2.191518488,5.36E-05,1,0.757874666,-0.002068636,0,0.000387517,-0.087477189
TMEM106B,54664,ENSG00000106460,0.52078971,0,0.535714286,0,NA,NA,NA,0.0030577,0.009031,1,0.89884,187,0.011400167,-0.017155475,0,-0.067275417,0.504841683,0,1,0,1,0.021110541,0.085,0.681,1,0,-2.317,0.012,1,0,0.334,0.104874353,0,0.353,0.105984624,0,0.285,0.129724343,0,0.534,0.017628966,1,0.25,0,0.271,0,-0.129,0,-0.089,0,0.452,0,0.075,0,0.109,0,0.33,0,0.295,0,0.417,0,0.3,0,0.279,0,0.32,0,-0.013,0,0.198,0,NA,NA,0,0.259324706,-0.007053647,0,0.343233956,0.007584458
ACTB,60,ENSG00000075624,0.278481013,0,0.3125,0,NA,NA,NA,0.94026,0.94008,0,0.999997,17806,-0.014110272,-0.009181852,0,-0.130356901,0.549255058,0,1,0,1,0.025552925,0.515,1,1,0,0.446,0.84,1,0,-1.648,0.000273834,0,0.01,0.621144185,0,-0.379,0.342642178,0,-1.302,0.018835723,0,-0.77,0,-1.199,0,-1.984,0,-2.669,0,-1.333,0,-1.071,0,-0.984,0,-0.951,0,-0.962,0,-2.588,0,-3.174,0,-2.325,0,-0.924,0,-1.645,0,-3.157,0,NA,NA,0,0.006687654,-0.032164147,1,0.913382635,-0.001176008
CASP2,835,ENSG00000106144,0.576959396,0,0.526315789,0,NA,NA,NA,0.074559,0.13017,0,0.987051,2515,0.010386727,-0.026189355,0,0.021652424,0.642852643,0,1,0,1,0.063889394,-2.03,6.94E-19,1.02E-14,1,-3.078,6.28E-10,9.32E-06,1,0.305,0.092937662,0,0.645,0.014590205,1,0.365,0.376244258,0,0.47,0.024668037,0,0.103,0,0.439,0,0.051,0,0.555,0,0.434,0,0.307,0,0.085,0,0.518,0,0.456,0,0.359,0,0.597,0,0.347,0,0.195,0,0.761,0,0.259,0,NA,NA,0,0.248226597,-0.011515049,0,0.766539175,0.012566641
CEP41,95681,ENSG00000106477,0.419278533,0,0.49945593,0,NA,NA,NA,0.74432,0.74407,0,0.999997,14037,-0.050272593,-0.007684815,0,-0.065144357,0.712993052,0,1,0,1,0.074406239,0.285,0.993,1,0,0.108,0.76,1,0,-0.053,0.872900978,0,0.014,0.763668533,0,0.433,0.252247976,0,0.367,0.045223651,0,-0.142,0,-1.366,0,0.034,0,-0.386,0,0.006,0,0.289,0,0.216,0,0.014,0,0.011,0,0.166,0,-0.517,0,-0.377,0,-0.02,0,-0.461,0,-0.056,0,2.103834118,0.000296236,1,0.912805403,0.004096938,0,2.07E-06,-0.046851508
NRF1,4899,ENSG00000106459,0.065680473,0,0.049689441,0,NA,NA,NA,0.46316,0.46744,0,0.999997,8845,-0.190094622,-0.005006648,0,1.168252328,3.617689536,1,1,0,1,0.156527126,-3.82,5.75E-32,8.52E-28,1,-4.284,3.50E-07,0.005,1,-1.744,0.042337462,0,-3.549,0.000187957,0,-1.076,0.427709732,0,-0.933,0.065510902,0,-0.732,0,-2.656,0,-3.335,0,-1.742,0,-2.11,0,-1.265,0,-1.795,0,-2.321,0,-2,0,-2.372,0,-2.346,0,-2.491,0,-2.329,0,-2.989,0,-2.604,0,NA,NA,0,0.060350793,0.008604934,0,0.024090031,-0.142870373
PHF14,NA,ENSG00000106443,0.523842196,0,0.506625892,0,NA,NA,NA,0.48494,0.48713,0,0.999997,9206,0.009918672,-0.018193509,0,-0.481877933,1.060608549,0,0.020640036,1,0.545311513,0.413914777,NA,NA,NA,0,NA,NA,NA,0,0.169,0.522590937,0,0.382,0.077813088,0,0.368,0.507169993,0,0.569,0.069484861,0,0.227,0,-0.014,0,-0.452,0,0.248,0,0.158,0,-0.03,0,0.304,0,0.041,0,0.378,0,-0.021,0,0.017,0,0.615,0,1.098,1,-0.543,0,0.13,0,NA,NA,0,0.140894371,-0.023480422,0,0.384757572,0.009983195
IKZF1,10320,ENSG00000185811,0.47826087,0,0.412065814,0,NA,NA,NA,0.80726,0.80725,0,0.999997,15232,-0.010410297,-0.087810925,1,0.569285339,1.53368153,0,1,0,1,0.029157148,-2.81,1.69E-19,2.47E-15,1,-1.862,0.004,1,0,-0.205,0.882928449,0,-0.496,0.334477294,0,-0.986,0.053192678,0,-1.126,0.074577148,0,-1.638,0,-0.135,0,-1.498,0,-1.671,0,-1.525,0,-1.54,0,-2.353,0,-1.323,0,-1.244,0,-2.038,0,-0.516,0,-1.773,0,-0.155,0,-0.551,0,-1.766,0,NA,NA,0,0.000684551,-0.041884986,1,0.100815595,-0.021266041
STX1A,6804,ENSG00000106089,0.516483516,0,0.550847458,0,NA,NA,NA,0.99081,0.99082,0,0.999997,18831,-0.006539934,-0.028034833,0,-0.013290292,0.75180641,0,1,0,1,0.026736059,-1.93,9.08E-10,1.30E-05,1,-1.698,0.000335,1,0,0.072,0.430117589,0,-0.101,0.9084491,0,0.218,0.639812564,0,0.287,0.099226258,0,0.17,0,0.114,0,0.327,0,-0.009,0,0.061,0,0.385,0,0.169,0,0.337,0,-0.279,0,0.001,0,-0.221,0,0.132,0,-0.073,0,-0.008,0,0.029,0,NA,NA,0,0.596375682,-0.014981498,0,0.508652577,-0.024523527
ZP3,7784,ENSG00000188372,0.405857741,0,0.462633452,0,NA,NA,NA,0.99655,0.99658,0,0.999997,19010,0.013880534,0.008693459,0,-0.347808044,0.841512294,0,1,0,1,0.146683776,-0.1,0.404,1,0,0.085,0.679,1,0,-0.309,0.42537661,0,-0.563,0.864854716,0,0.221,0.303274939,0,-0.512,0.105089772,0,-0.098,0,-0.289,0,-0.15,0,0.11,0,-0.116,0,-0.138,0,-0.379,0,-0.142,0,-0.212,0,-0.443,0,-0.421,0,-0.475,0,-0.13,0,-0.283,0,-0.086,0,NA,NA,0,0.024544237,-0.008282589,1,0.737583283,-0.004070974
ZNF12,NA,ENSG00000164631,0.607142857,1,0.603448276,1,NA,NA,NA,0.8383,0.83799,0,0.999997,15834,0.003458924,0.013883441,0,-0.1310806,0.710170075,0,0.014523904,1,0.458748051,0.635404425,NA,NA,NA,0,NA,NA,NA,0,0.273,0.179077693,0,0.352,0.135436515,0,-0.006,0.934747234,0,0.129,0.115821572,0,-0.044,0,0.352,0,0.17,0,0.223,0,0.47,0,0.289,0,0.351,0,0.513,0,0.177,0,0.295,0,0.277,0,0.208,0,0.25,0,0.472,0,0.249,0,NA,NA,0,0.699740359,0.002524542,0,0.855912849,-0.004642429
SND1,27044,ENSG00000197157,0.51536812,0,0.441558442,0,NA,NA,NA,0.092595,0.15599,0,0.988199,3015,-0.029502778,0.01060805,0,-0.645596588,1.511407487,1,1,0,1,0.15678009,NA,NA,NA,0,NA,NA,NA,0,-0.212,0.830436942,0,-0.444,0.951353385,0,0.117,0.816141951,0,0.505,0.118956679,0,0.228,0,-0.127,0,-0.378,0,-0.105,0,-0.52,0,0.034,0,0.004,0,-0.191,0,-0.077,0,-0.312,0,0.428,0,-0.792,0,-0.681,0,-0.516,0,0.053,0,NA,NA,0,0.165497764,-0.01795747,0,0.08912504,-0.015184325
ZNF467,168544,ENSG00000181444,0.5,0,0.483539095,0,NA,NA,NA,0.058508,0.10689,0,0.982247,2075,-0.000725738,0.035734713,0,-0.377419011,0.92278095,0,1,0,1,0.15336436,-1.3,3.59E-10,5.15E-06,1,-1.954,5.50E-06,0.08,1,0.305,0.222887913,0,-0.287,0.776354212,0,0.607,0.015012933,1,0.354,0.121321492,0,0.099,0,0.007,0,0.11,0,0.375,0,0.276,0,0.059,0,0.1,0,0.264,0,0.056,0,-0.191,0,0.107,0,0.139,0,-0.204,0,0.507,0,0.231,0,NA,NA,0,0.750524623,0.006712874,0,0.359182048,-0.020232082
RAC1,5879,ENSG00000136238,0.191415313,0,0.435643564,0,1,5.34E-06,3.63E-07,0.90183,0.90145,0,0.999997,17063,-0.010151798,-0.00608175,0,-0.007453896,0.573261349,0,1,0,1,0.013907748,0.195,0.961,1,0,0.94,0.999,1,0,-0.197,0.568603947,0,0.319,0.199042863,0,-0.273,0.326458936,0,-0.647,0.152285752,0,-0.32,0,-0.134,0,-0.236,0,-0.035,0,-0.226,0,-0.192,0,-0.915,0,0.032,0,-1.003,0,-0.363,0,-0.191,0,-0.82,0,-0.989,0,-0.267,0,-0.334,0,NA,NA,0,0.616243246,0.006156215,0,0.483951354,-0.070441394
LSMEM1,286006,ENSG00000181016,0.64,1,0.625,1,NA,NA,NA,0.33448,0.36223,0,0.999997,6862,-0.006348906,-0.007664376,0,-0.305107541,0.721315763,0,1,0,1,0.129989472,0,0.605,1,0,0.185,0.902,1,0,0.337,0.037972944,0,0.641,0.038674689,1,0.177,0.392641258,0,0.42,0.175545505,0,0.399,0,0.541,0,0.248,0,-0.181,0,0.216,0,0.562,0,0.435,0,0.325,0,0.293,0,0.46,0,-0.032,0,-0.123,0,0.213,0,0.299,0,0.498,0,NA,NA,0,0.857490672,0.005059499,0,0.024273145,0.020756509
AGK,55750,ENSG00000006530,0.475765801,0,0.46975089,0,NA,NA,NA,0.79656,0.79657,0,0.999997,14997,-0.03080924,0.041825184,0,-0.283627145,0.830094254,0,1,0,1,0.01118012,-1.185,4.20E-22,6.18E-18,1,-0.658,2.99E-05,0.433,0,0.149,0.306846641,0,0.136,0.531932674,0,-0.06,0.953208299,0,0.354,0.211214786,0,-0.283,0,0.257,0,1.22,1,0.008,0,0.514,0,0.46,0,0.479,0,0.469,0,0.043,0,0.438,0,-0.228,0,0.19,0,0.158,0,0.201,0,0.112,0,NA,NA,0,0.508260861,-0.013950444,0,0.101178886,-0.010988332
GIMAP2,26157,ENSG00000106560,0.37037037,0,0.494514768,0,NA,NA,NA,0.23345,0.28992,0,0.999997,5533,0.010455697,-0.017524768,0,-0.219039306,0.622282055,0,1,0,1,0.191081401,0.11,0.89,1,0,0.129,0.569,1,0,0.089,0.620758524,0,0.275,0.582313459,0,0.382,0.577277416,0,0.309,0.222766021,0,0.196,0,0.355,0,0.186,0,0.121,0,0.061,0,0.239,0,0.201,0,0.336,0,0.28,0,0.316,0,-0.064,0,-0.546,0,0.31,0,0.248,0,0.173,0,1.290423534,0.034028345,1,0.259200911,0.00429236,0,0.746166983,0.009587295
GTF2IRD1,NA,ENSG00000006704,0.509295946,0,0.52833638,0,NA,NA,NA,0.22471,0.28396,0,0.999997,5419,-0.007809228,-0.039306141,0,-0.291621956,0.838773719,0,1,0,1,0.050900705,NA,NA,NA,0,NA,NA,NA,0,0.015,0.644739386,0,-0.17,0.871216156,0,0.491,0.157675311,0,0.488,0.236764898,0,-0.817,0,-0.583,0,-0.991,0,-0.156,0,0.285,0,-0.218,0,-0.128,0,-0.397,0,-0.469,0,-0.211,0,0.012,0,-1.357,0,-0.35,0,-0.788,0,-0.996,0,1.029854565,0.015709374,1,0.710846776,0.003128748,0,0.681024594,-0.005688493
YWHAG,7532,ENSG00000170027,0.496949153,0,0.547195622,0,NA,NA,NA,0.56916,0.56891,0,0.999997,10772,0.003491426,-0.054902135,0,-0.826659342,1.972655648,1,1,0,1,0.14307733,0.095,0.76,1,0,-2.934,4.25E-24,6.39E-20,1,-0.11,0.758011232,0,0.029,0.11926626,0,-0.611,0.396973573,0,-0.598,0.244806678,0,-0.083,0,-0.309,0,-1.263,0,-0.25,0,-0.565,0,-0.109,0,0.07,0,-0.669,0,-0.748,0,-0.345,0,-1.01,0,-0.75,0,-0.691,0,-0.453,0,-0.311,0,NA,NA,0,0.010080796,-0.03120425,1,0.901611879,-0.01861098
ZNF777,27153,ENSG00000196453,0.559726962,0,0.477351916,0,NA,NA,NA,0.48552,0.48764,0,0.999997,9214,0.008598563,0.016388864,0,-1.01858232,2.738161336,1,1,0,1,0.004732746,-1.585,6.12E-46,9.14E-42,1,-1.647,5.65E-18,8.48E-14,1,-0.171,0.205766152,0,-1.169,0.126407842,0,-0.195,0.516621173,0,0.181,0.280165933,0,-0.073,0,-0.262,0,-0.618,0,-0.378,0,-0.317,0,-0.52,0,-0.445,0,-0.493,0,-0.112,0,-0.455,0,-0.518,0,-0.091,0,-0.251,0,-0.984,0,-0.294,0,NA,NA,0,0.034495842,0.027606623,1,0.318052447,-0.006952561
TES,26136,ENSG00000135269,0.512032086,0,0.527486911,0,NA,NA,NA,0.56581,0.56552,0,0.999997,10708,0.007267226,-0.00100988,0,-0.23290744,0.625823001,0,1,0,1,0.048108399,-0.23,0.345,1,0,-0.35,0.344,1,0,0.35,0.143662983,0,0.166,0.321121647,0,0.43,0.1995987,0,0.324,0.283069919,0,0.186,0,0.111,0,0.512,0,0.078,0,0.06,0,0.109,0,0.202,0,0.273,0,-0.085,0,0.01,0,-0.017,0,-0.029,0,0.108,0,-0.324,0,0.076,0,NA,NA,0,0.033874969,-0.016595878,1,0.295320863,0.030953314
PAXIP1,22976,ENSG00000157212,0.292186474,0,0.577319588,0,NA,NA,NA,0.42969,0.43849,0,0.999997,8305,0.032349141,0.000185551,0,0.029773693,0.60472811,0,1,0,1,0.406088161,-1.86,5.11E-09,7.30E-05,1,-0.753,0.097,1,0,-0.331,0.719295281,0,-0.699,0.324212992,0,-0.699,0.425351198,0,-0.767,0.291845847,0,-0.744,0,0.059,0,-1.53,0,-1.376,0,-1.108,0,-0.466,0,-0.634,0,-0.591,0,-0.66,0,-1.459,0,0.361,0,-0.716,0,-0.951,0,-1.617,0,-1.798,0,NA,NA,0,0.333086613,0.004385404,0,0.466128382,-0.007931579
CCM2,83605,ENSG00000136280,0.530980392,0,0.473374769,0,NA,NA,NA,0.71202,0.71181,0,0.999997,13443,-0.006001643,-0.01633809,0,-0.516404654,1.24648665,0,1,0,1,0.259693001,0.02,0.618,1,0,-0.277,0.202,1,0,-0.08,0.580505462,0,0.151,0.336928096,0,-0.264,0.394808336,0,0.171,0.302245252,0,-0.358,0,0.295,0,0.03,0,0.045,0,-0.028,0,-0.631,0,-1.295,0,0.292,0,-1.945,0,0.135,0,0.592,0,0.046,0,1.314,1,0.34,0,-0.35,0,NA,NA,0,0.10683013,0.026596465,0,0.789315347,0.003946197
ZC3HAV1,56829,ENSG00000105939,0.472190692,0,0.472833469,0,NA,NA,NA,0.402,0.41545,0,0.999997,7875,-0.013079603,0.072369718,0,-0.163840304,0.607535697,0,1,0,1,0.037858279,-1.63,3.11E-10,4.47E-06,1,-4.272,7.41E-08,0.001,1,0.399,0.083282351,0,-0.863,0.194761866,0,0.292,0.521533903,0,0.199,0.303497144,0,-0.241,0,0.081,0,-0.261,0,-0.161,0,-0.43,0,-0.473,0,-0.905,0,-0.292,0,-0.302,0,-0.542,0,-0.761,0,-0.08,0,-0.05,0,-0.775,0,-0.077,0,NA,NA,0,0.001667374,0.043515969,0,0.117264691,0.015522228
BCAP29,55973,ENSG00000075790,0.522435897,0,0.466666667,0,NA,NA,NA,0.070786,0.12472,0,0.987051,2406,-0.104310607,-0.038957093,0,0.21252103,0.923674709,0,0.110752216,0,0.974856983,0.52796867,0,0.518,1,0,0.078,0.717,1,0,0.119,0.711314431,0,0.018,0.749800404,0,0.222,0.375945259,0,0.091,0.307262358,0,0.195,0,-0.12,0,-0.17,0,0.163,0,0.055,0,0.028,0,0.373,0,0.242,0,0.264,0,0.018,0,-0.123,0,-0.292,0,0.333,0,-0.325,0,-0.255,0,1.570802073,0.013283234,1,0.908388871,-0.006097145,0,0.963647516,-0.025677734
KRIT1,889,ENSG00000001631,0.529723992,0,0.481481481,0,NA,NA,NA,0.58174,0.58144,0,0.999997,11012,-0.037768221,0.010194741,0,0.24412457,0.887910106,0,1,0,1,0.26269862,-0.205,0.22,1,0,0.519,0.873,1,0,0.083,0.510968073,0,0,0.509960437,0,-0.08,0.984064345,0,0.445,0.309549762,0,-0.03,0,0.254,0,-0.004,0,0.256,0,0.284,0,-0.184,0,-0.603,0,0.241,0,-0.887,0,0.259,0,0.346,0,0.384,0,1.362,1,0.313,0,-0.241,0,1.219621488,0.006092239,1,0.714781538,-0.000464317,0,0.613466582,0.0195499
TMEM248,55069,ENSG00000106609,0.545118001,0,0.531604538,0,NA,NA,NA,0.49508,0.49644,0,0.999997,9391,-0.006612692,-0.006314843,0,-0.783317931,1.653463036,1,1,0,1,0.018859495,-0.39,0.119,1,0,0.245,0.708,1,0,-0.007,0.934460515,0,-0.15,0.723672905,0,0.05,0.850373497,0,0.119,0.369046377,0,0.032,0,-0.421,0,-0.104,0,-0.326,0,-0.408,0,-0.173,0,0.118,0,-0.01,0,0.255,0,-0.269,0,0.222,0,-0.44,0,0.208,0,-0.415,0,-0.398,0,NA,NA,0,0.056337079,0.022457965,0,0.608158932,-0.009167626
RABGEF1,27342,NA,NA,0,NA,0,NA,NA,NA,0.54397,0.54361,0,0.999997,10300,0.01210009,0.013103951,0,-0.275979538,0.675865045,0,1,0,1,0.067605391,-0.06,0.565,1,0,0.689,0.773,1,0,-0.965,0.336504506,0,0.381,0.299942987,0,-0.006,0.922160491,0,-0.54,0.375643218,0,0.039,0,0.024,0,-1.45,0,-1.063,0,-0.805,0,-0.735,0,-0.478,0,-0.983,0,-0.662,0,-0.9,0,-0.438,0,-1.109,0,-1.409,0,-0.544,0,-1.933,0,NA,NA,0,0.003739388,-0.027807553,1,0.704016523,0.013199002
BPGM,669,ENSG00000172331,0.500625782,0,0.513227513,0,NA,NA,NA,0.080813,0.13921,0,0.987202,2694,0.000836447,-0.097529574,1,0.232757089,1.246842822,0,1,0,1,0.148850237,0.23,0.98,1,0,-0.455,0.06,1,0,0.29,0.083860833,0,0.822,0.009257577,1,0.291,0.529824251,0,0.32,0.398312257,0,-0.035,0,0.121,0,-0.067,0,0.129,0,0.018,0,-0.158,0,-0.195,0,0.246,0,-0.233,0,0.253,0,-0.076,0,0.244,0,0.175,0,-0.258,0,-0.384,0,NA,NA,0,0.000515063,-0.071279884,1,0.002016965,0.010529852
DNAJC30,84277,ENSG00000176410,NA,0,NA,0,NA,NA,NA,0.89391,0.89346,0,0.999997,16891,-0.015417835,0.001629071,0,-0.245258959,0.681876628,0,1,0,1,0.061587436,-0.95,5.12E-09,7.31E-05,0,-1.21,1.72E-06,0.025,1,-0.015,0.992801829,0,-0.722,0.705894812,0,-0.086,0.950894022,0,0.307,0.408680288,0,0.178,0,0.062,0,-0.391,0,-0.445,0,-0.86,0,-0.142,0,-0.21,0,-0.22,0,-0.48,0,0.191,0,-0.124,0,-0.326,0,-0.644,0,0.19,0,-0.288,0,NA,NA,0,0.406469,0.008780856,0,0.616128048,-0.031020371
HIP1,3092,ENSG00000127946,0.488497217,0,0.490270147,0,NA,NA,NA,0.38197,0.39921,0,0.999997,7555,-0.050789603,-0.00255646,0,0.103627237,0.696755022,0,1,0,1,0.178914373,-0.065,0.502,1,0,-1.461,0.047,1,0,-0.57,0.959193625,0,-1.297,0.45946367,0,-0.602,0.767360132,0,-1.235,0.418337685,0,-0.168,0,-0.467,0,-2.155,0,-0.375,0,-0.384,0,-0.609,0,-0.534,0,-1.038,0,-0.49,0,-0.646,0,-0.947,0,-0.62,0,-1.182,0,-1.003,0,-1.131,0,NA,NA,0,0.008503709,-0.036234367,1,0.417078009,-0.024097463
GRB10,2887,ENSG00000106070,0.539792388,0,0.511954993,0,NA,NA,NA,0.46614,0.47007,0,0.999997,8894,-0.004144885,0.008308014,0,-1.265585929,3.78404169,1,1,0,1,0.036603833,-1.2,0.000218,1,0,-0.128,0.517,1,0,-0.6,0.751945977,0,-0.483,0.973554967,0,-0.937,0.725855561,0,-0.712,0.422081065,0,-0.311,0,0.15,0,-0.682,0,-0.199,0,-0.62,0,0.073,0,-0.67,0,0.025,0,-0.115,0,-0.003,0,-0.196,0,-0.159,0,0.633,0,-0.438,0,-0.065,0,NA,NA,0,4.61E-06,-0.089875949,1,0.014127101,0.032224931
ALKBH4,54784,ENSG00000160993,0.550925926,0,0.5225,0,NA,NA,NA,0.33143,0.3599,0,0.999997,6815,0.003604393,0.043405503,0,-0.079482314,0.552338715,0,1,0,1,0.046917165,-0.23,0.064,1,0,-0.085,0.479,1,0,-0.083,0.793163997,0,-0.139,0.682918606,0,0.357,0.074289197,0,0.264,0.434398348,0,-0.066,0,0.106,0,-0.206,0,-0.229,0,-0.007,0,-0.108,0,0.185,0,-0.047,0,-0.23,0,0.039,0,-0.299,0,-0.239,0,-0.215,0,-0.073,0,-0.186,0,1.276610432,0.006756893,1,0.029308483,-0.01165995,1,0.034826618,0.024907732
DTX2,113878,ENSG00000091073,0.504201681,0,0.582417582,0,NA,NA,NA,0.075743,0.13194,0,0.987051,2547,-0.027818584,0.008347315,0,-0.253631055,0.682088415,0,1,0,1,0.009872861,-0.29,0.003,1,0,-0.108,0.296,1,0,0.14,0.482060216,0,0.518,0.041531044,1,0.196,0.488898893,0,0.116,0.471337238,0,0.006,0,0.21,0,0.097,0,0.345,0,-0.012,0,0.356,0,0.029,0,0.23,0,-0.278,0,0.448,0,0.299,0,0.091,0,0.174,0,0.211,0,-0.089,0,1.145987549,0.020285086,1,0.735230019,-0.023617198,0,0.585253102,-0.005670236
ZNF277,11179,ENSG00000198839,0.500616861,0,0.441176471,0,NA,NA,NA,0.31444,0.34723,0,0.999997,6596,-0.006307748,0.0207059,0,-0.343641495,0.8176895,0,1,0,1,0.012391121,-0.04,0.474,1,0,-0.083,0.541,1,0,0.071,0.801157767,0,0.314,0.235162991,0,0.379,0.28100009,0,0.345,0.47432886,0,0.272,0,0.157,0,-0.075,0,-0.063,0,0.257,0,0.177,0,0.234,0,0.216,0,-0.025,0,0.233,0,-0.539,0,-0.184,0,0.089,0,-0.026,0,0.059,0,NA,NA,0,0.014641911,-0.016199519,1,0.768096062,0.003838315
HNRNPA2B1,3181,ENSG00000122566,0.357395612,0,0.316810345,0,NA,NA,NA,0.72917,0.72907,0,0.999997,13754,-0.000538988,-0.022934747,0,-0.1947329,0.624725794,0,1,0,1,0.627181233,-0.1,0.443,1,0,0.169,0.703,1,0,-0.54,0.202599149,0,-0.614,0.695675486,0,-0.217,0.888732623,0,-0.838,0.487407802,0,-2.355,0,-1.764,0,-2.59,0,-1.566,0,-2.1,0,-1.806,0,-1.953,0,-2.016,0,-2.188,0,-2.378,0,-1.532,0,-1.859,0,-1.382,0,-0.969,0,-2.27,0,-1.757799823,8.90E-05,0,0.00689758,-0.020053707,1,0.334264636,-0.031314461
SMO,6608,ENSG00000128602,0.533869116,0,0.461254613,0,NA,NA,NA,0.99438,0.99441,0,0.999997,18937,0.014903441,-0.009445427,0,0.234930659,0.916968759,0,1,0,1,0.094720919,-1.78,3.98E-17,5.81E-13,1,-1.067,0.04,1,0,-0.048,0.991309669,0,-0.323,0.434299931,0,0.215,0.714625829,0,-0.478,0.502594637,0,-0.264,0,-0.287,0,-0.136,0,-0.158,0,-0.411,0,0.183,0,-0.177,0,-0.115,0,-0.256,0,-0.039,0,-0.799,0,-0.396,0,0.033,0,-0.724,0,-0.182,0,NA,NA,0,0.421548458,-0.004236161,0,0.926329211,-0.001030133
GNAI1,2770,ENSG00000127955,0.513542795,0,0.475486381,0,NA,NA,NA,0.0091,0.024236,1,0.902628,501,-0.020766003,-0.002404898,0,-0.249680544,0.758042383,0,1,0,1,0.483095141,0.39,0.838,1,0,0.292,0.759,1,0,0.255,0.058292476,0,0.696,0.006887942,1,0.187,0.586654238,0,0.186,0.504377914,0,0.201,0,0.04,0,0.268,0,0.295,0,0.373,0,-0.1,0,0.078,0,0.292,0,0.038,0,0.243,0,0.16,0,-0.287,0,-0.252,0,0.625,0,-0.068,0,1.242034551,0.017373112,1,0.829918079,0.005084207,0,0.817020385,-0.013375142
PPIA,5478,ENSG00000196262,0.412828947,0,0.505300353,0,NA,NA,NA,0.12688,0.20488,0,0.99574,3929,-0.063647811,-0.011636907,0,0.179809598,0.819878713,0,1,0,1,0.178673127,-0.07,0.286,1,0,0.066,0.713,1,0,-1.015,0.898733644,0,-2.016,0.243701824,0,-0.447,0.985870822,0,-0.513,0.52101101,0,-1.841,0,-2.186,0,-2.091,0,-0.911,0,-0.876,0,-0.904,0,-1.918,0,-2.233,0,-1.553,0,-2.358,0,-1.835,0,-1.172,0,-1.539,0,-2.67,0,-1.449,0,NA,NA,0,0.000675081,-0.046605134,1,0.674629988,-0.00393585
SYPL1,6856,ENSG00000008282,0.516363636,0,0.493249759,0,NA,NA,NA,0.032436,0.068505,0,0.964407,1356,0.006822393,0.013703043,0,-0.655728437,1.599567302,1,1,0,1,0.142440028,0.075,0.79,1,0,0.243,0.884,1,0,0.131,0.593115018,0,0.182,0.135301771,0,0.386,0.411515531,0,0.093,0.529047824,0,0.584,0,0.149,0,0.695,0,0.199,0,0.378,0,0.29,0,0.154,0,0.064,0,-0.015,0,0.172,0,-0.04,0,0.301,0,0.072,0,0.217,0,0.034,0,NA,NA,0,0.046309639,0.01962721,0,0.695577889,-0.006246117
LIMK1,3984,ENSG00000106683,0.580104712,0,0.5,0,NA,NA,NA,0.12537,0.20274,0,0.99574,3883,-0.008860417,-0.01982392,0,-0.537453815,1.160730403,0,1,0,1,0.192175526,-1.26,0.052,1,0,-2.247,0.003,1,0,-0.044,0.882663223,0,-0.601,0.176755509,0,-0.072,0.988784832,0,-0.126,0.539555643,0,0.311,0,-0.067,0,-0.309,0,-0.128,0,-0.21,0,-0.521,0,-0.235,0,-0.316,0,-0.292,0,-0.447,0,-0.689,0,-0.096,0,-0.345,0,-0.298,0,0.095,0,NA,NA,0,0.045957329,-0.025444706,1,0.254891844,-0.020876971
SEMA3C,10512,ENSG00000075223,0.497074756,0,0.581081081,0,NA,NA,NA,0.14467,0.23013,0,0.996358,4403,-0.034711553,-0.015068107,0,0.199744718,0.796500415,0,0.079620576,0,0.974856983,0.106625864,0.78,0.826,1,0,-1.513,0.071,1,0,-0.088,0.781041051,0,0.04,0.285237258,0,-0.152,0.913376168,0,-0.096,0.544269624,0,0.139,0,-0.089,0,-0.169,0,-0.014,0,-0.05,0,0.189,0,-0.113,0,-0.16,0,-0.069,0,-0.323,0,-0.171,0,-0.44,0,0.013,0,-0.4,0,-0.267,0,NA,NA,0,0.043249631,-0.035298498,1,0.781702201,-0.007596564
TRIM4,89122,ENSG00000146833,0.568965517,0,0.558441558,0,NA,NA,NA,0.28137,0.32322,0,0.999997,6155,0.025272592,0.003161473,0,-0.328196695,0.764693375,0,1,0,1,0.052429955,-0.01,0.526,1,0,0.432,0.895,1,0,0.01,0.756750144,0,-0.378,0.950933397,0,0.166,0.577277416,0,0.089,0.566432448,0,0.249,0,-0.295,0,-0.239,0,-0.098,0,-0.04,0,-0.243,0,0.137,0,-0.168,0,-0.24,0,-0.408,0,-0.073,0,0.164,0,0.034,0,-1.11,0,-0.217,0,NA,NA,0,0.030078804,-0.008387582,1,0.780771736,0.002096172
ASL,435,ENSG00000126522,0.557522124,0,0.495176849,0,NA,NA,NA,0.57324,0.57305,0,0.999997,10852,0.006950079,0.004075783,0,-0.073359858,0.546108899,0,1,0,1,0.231564323,0.19,0.752,1,0,-0.484,0.297,1,0,-0.229,0.444274032,0,-0.323,0.900141782,0,-0.272,0.819108953,0,-0.36,0.599603116,0,-0.324,0,-0.258,0,-0.074,0,-0.113,0,-0.076,0,-0.326,0,-0.151,0,-0.296,0,-0.156,0,-0.406,0,-0.25,0,0.075,0,-0.438,0,-0.417,0,-0.016,0,NA,NA,0,0.015383042,-0.020898989,1,0.934199382,-0.006770176
ZC3HAV1L,92092,ENSG00000146858,0.566666667,0,0.545454545,0,NA,NA,NA,0.028087,0.062044,0,0.961007,1234,-0.054268921,-0.101661707,1,0.100907421,0.772415878,0,1,0,1,0.034963902,-0.19,0.366,1,0,0.545,0.791,1,0,-0.152,0.934460515,0,-0.878,0.538846618,0,0.047,0.907162993,0,-0.086,0.614537242,0,-0.03,0,-0.161,0,-0.358,0,-0.108,0,-0.308,0,-0.026,0,-0.067,0,-0.14,0,-0.639,0,0.063,0,-0.258,0,-0.441,0,-0.493,0,-0.381,0,-0.21,0,NA,NA,0,0.016656251,-0.03027043,1,0.005701675,-0.020388393
PUS7,54517,ENSG00000091127,0.464262295,0,0.451003542,0,NA,NA,NA,0.11327,0.18555,0,0.994438,3565,-0.024364375,0.010785745,0,-0.548810401,1.396751296,1,0.001263556,1,0.098752999,0.683124735,-0.06,0.481,1,0,0.024,0.618,1,0,-0.494,0.254597845,0,-0.617,0.40474791,0,-0.436,0.743136761,0,-0.217,0.618039951,0,-0.418,0,-0.648,0,-1.105,0,-0.49,0,-0.585,0,-0.26,0,-0.422,0,-0.245,0,-0.563,0,-0.346,0,-1.171,0,-0.205,0,-0.95,0,-0.055,0,-0.812,0,NA,NA,0,0.252698259,0.0126574,0,0.1493831,0.006109282
ATXN7L1,222255,ENSG00000146776,0.517762352,0,0.490773713,0,NA,NA,NA,0.13498,0.21641,0,0.996358,4135,0.007851091,-0.041156811,0,-0.427682713,0.890784918,0,1,0,1,0.079441498,-0.515,9.52E-06,0.133,0,-0.722,0.029,1,0,-0.976,0.346905891,0,-1.823,0.267925002,0,-0.597,0.810705484,0,-1.332,0.649340179,0,-0.409,0,-1.486,0,-2.061,0,-0.447,0,-1.701,0,-0.517,0,-1.132,0,-1.135,0,-0.903,0,-1.339,0,-1.242,0,-0.971,0,-1.817,0,-0.352,0,-1.517,0,NA,NA,0,0.01429662,-0.028856028,1,0.075486441,0.015556798
RALA,5898,ENSG00000006451,0.483104541,0,0.512621359,0,NA,NA,NA,0.42455,0.43416,0,0.999997,8235,-0.00586844,-0.006805093,0,-0.574493993,1.316807406,1,1,0,1,0.328493164,0.235,0.825,1,0,0.207,0.849,1,0,0.067,0.216031615,0,0.382,0.092190342,0,-0.006,0.876154475,0,0.217,0.651196477,0,0.286,0,0.509,0,0.389,0,0.101,0,0.415,0,0.15,0,0.328,0,0.398,0,0.417,0,0.268,0,0.369,0,-0.063,0,0.441,0,0.62,0,0.202,0,NA,NA,0,0.164948106,0.021901287,0,0.095779832,-0.027427968
ZNF800,NA,ENSG00000048405,0.5,0,0.481624758,0,1,0.01941588,0.04095633,0.81376,0.8137,0,0.999997,15362,-0.003891837,-0.003443445,0,0.019224774,0.684178952,0,0.045151441,1,0.784156538,0.601578264,NA,NA,NA,0,NA,NA,NA,0,0.304,0.363447136,0,0.286,0.142782299,0,0.07,0.802286323,0,0.126,0.654197352,0,-0.143,0,0.201,0,0.117,0,-0.116,0,0.36,0,0.453,0,0.383,0,0.261,0,0.442,0,0.207,0,-0.057,0,0.083,0,0.089,0,-0.074,0,0.255,0,NA,NA,0,0.004013899,-0.031474806,1,0.256546407,-0.001788044
CARD11,84433,ENSG00000198286,0.455621302,0,0.49840133,0,NA,NA,NA,0.7865,0.7865,0,0.999997,14818,-0.171445142,-0.007346839,0,-0.442561057,1.372773968,1,1,0,1,0.010765729,NA,NA,NA,0,NA,NA,NA,0,-0.05,0.643062718,0,-0.473,0.941388354,0,-0.194,0.783410848,0,-0.34,0.659275626,0,-0.326,0,-0.281,0,-0.576,0,-0.373,0,-0.545,0,-0.432,0,-0.382,0,-0.272,0,-0.307,0,-0.386,0,-0.142,0,-0.661,0,-0.321,0,-0.374,0,-0.392,0,NA,NA,0,0.639828581,0.015223873,0,0.857970425,-0.111716568
AHR,NA,ENSG00000106546,0.515021459,0,0.470588235,0,NA,NA,NA,0.056545,0.10402,0,0.979586,2029,-0.006107841,-0.16969752,1,-0.223888384,0.731130291,0,1,0,1,0.234702314,NA,NA,NA,0,NA,NA,NA,0,-0.482,0.440073509,0,0.282,0.105593162,0,0.319,0.111524075,0,0.012,0.705759066,0,0.747,0,0.637,0,-0.141,0,-0.459,0,-0.304,0,-0.086,0,0.169,0,-0.138,0,-1.379,0,-1.522,0,0.133,0,-0.698,0,-0.171,0,0.31,0,-1.006,0,NA,NA,0,0.001330891,-0.206460275,1,0.55683553,0.016806771
ZNF862,NA,ENSG00000106479,0.520179372,0,0.442748092,0,NA,NA,NA,0.059197,0.10789,0,0.982247,2093,-0.001889821,0.014761099,0,-0.301684828,1.074593583,0,1,0,1,0.015654974,NA,NA,NA,0,NA,NA,NA,0,-0.237,0.991753938,0,-0.569,0.874415986,0,0.239,0.484884303,0,-0.131,0.734652572,0,-0.136,0,-0.485,0,-0.586,0,-0.233,0,-0.238,0,-0.276,0,-0.538,0,0.039,0,-0.093,0,-0.158,0,-0.493,0,-0.485,0,-0.348,0,-0.286,0,-0.297,0,NA,NA,0,0.018149877,-0.025043865,1,0.509026193,-0.004369761
KMT2C,58508,ENSG00000055609,0.420309219,0,0.564671101,0,1,0,0,0.03734,0.075711,0,0.971414,1488,-0.02165948,-0.013827144,0,-0.055063258,0.550527619,0,1.99E-27,1,1.86E-24,0.969505436,NA,NA,NA,0,NA,NA,NA,0,-0.193,0.712225093,0,-1.115,0.744671926,0,-0.212,0.872572276,0,-0.908,0.749599355,0,-0.52,0,-0.697,0,-0.394,0,-0.289,0,0.208,0,-0.018,0,-0.453,0,-0.228,0,-1.054,0,-1.438,0,-0.905,0,-0.666,0,-0.773,0,-0.907,0,-1.161,0,NA,NA,0,0.090691149,-0.028057072,0,0.246894535,-0.004942856
KCTD7,154881,ENSG00000243335,0.54887218,0,0.542857143,0,NA,NA,NA,0.56078,0.56047,0,0.999997,10618,-0.018639933,0.010707854,0,0.112960714,0.712041314,0,1,0,1,0.082455769,-0.065,0.213,1,0,-0.045,0.537,1,0,-0.247,0.606234698,0,-0.227,0.807666819,0,0.431,0.266723535,0,-0.305,0.753092613,0,-0.426,0,-0.302,0,-0.497,0,-0.452,0,-0.359,0,0.268,0,0.031,0,-0.017,0,-0.106,0,-0.336,0,-0.494,0,0.508,0,0.038,0,-0.683,0,-0.424,0,1.087653742,0.011066505,1,0.003739388,-0.027807553,1,0.704016523,0.013199002
CUX1,1523,ENSG00000257923,0.483534398,0,0.452571194,0,1,0.00055579,0.00371533,0.14576,0.2317,0,0.996358,4441,0.0083744,-0.011205723,0,-0.07978865,0.751541221,0,0.005421824,1,0.265811671,0.47999169,-1.23,0.019,1,0,-1.833,0.052,1,0,-0.275,0.989305718,0,-0.46,0.367991084,0,0.047,0.714625829,0,-0.206,0.758410624,0,-0.232,0,-0.28,0,-0.358,0,-0.121,0,-0.476,0,0.091,0,-0.47,0,-0.1,0,0.201,0,-0.568,0,-1.06,0,-0.457,0,-0.172,0,-0.539,0,-0.549,0,NA,NA,0,0.917689963,0.004360634,0,0.078849177,-0.015397294
HOXA10,3206,ENSG00000253293,0.493166964,0,0.529478458,0,NA,NA,NA,0.82469,0.8245,0,0.999997,15570,-0.009768578,-0.084828678,1,-0.284707226,0.778905304,0,1,0,1,0.131320882,0.31,0.834,1,0,0.108,0.701,1,0,-0.143,0.611262854,0,0.181,0.686672564,0,0.473,0.016986064,0,0.19,0.762006458,0,0.407,0,-0.041,0,-0.475,0,0.099,0,-2.506,0,-0.316,0,-0.291,0,-0.292,0,-0.676,0,0.148,0,-0.248,0,0.26,0,-0.115,0,0.429,0,-0.378,0,-1.551753102,0.006993687,0,0.548323197,-0.02598043,0,0.404323016,-0.011978288
VKORC1L1,154807,ENSG00000196715,0.464847849,0,0.531992687,0,NA,NA,NA,0.21795,0.27946,0,0.999997,5334,-0.008060452,-0.006496907,0,0.689619338,2.06919031,0,1,0,1,0.031698962,-0.4,0.00055,1,0,-0.942,5.66E-05,0.82,0,0.273,0.074251808,0,-0.124,0.767793338,0,-0.319,0.17216624,0,-0.166,0.766255902,0,0.13,0,0.113,0,1.212,1,0.033,0,0.417,0,0.508,0,0.582,0,0.265,0,-0.184,0,0.067,0,-0.159,0,0.053,0,-0.36,0,0.113,0,-0.031,0,1.44008837,0.000158618,1,0.000412272,-0.03401308,1,0.054796122,0.014269717
EIF2AK1,27102,ENSG00000086232,0.582191781,0,0.518867925,0,NA,NA,NA,0.8427,0.84236,0,0.999997,15921,0.020932038,-0.066656119,0,-0.020115481,0.549461798,0,1,0,1,0.252832822,-0.29,0.151,1,0,-0.166,0.445,1,0,0.256,0.225043427,0,-0.038,0.568323213,0,0.269,0.562701928,0,0.027,0.777324555,0,-0.976,0,-0.014,0,-1.061,0,0.317,0,-0.434,0,-0.477,0,-0.155,0,-0.398,0,-0.166,0,-0.548,0,0.219,0,-1.216,0,-0.058,0,-0.367,0,-0.733,0,NA,NA,0,0.016897432,-0.015236503,1,0.748916657,-0.00091555
AP4M1,9179,ENSG00000221838,0.527613412,0,0.50591716,0,NA,NA,NA,0.061111,0.11068,0,0.9824,2152,-0.006202507,0.042701595,0,-0.764508781,1.720510668,1,0.036987969,1,0.733745195,0.421826054,-0.45,0.025,1,0,0.127,0.688,1,0,-0.419,0.991309669,0,-0.652,0.987747697,0,0.13,0.860495091,0,-0.191,0.781354598,0,0.018,0,-0.42,0,0.158,0,-0.048,0,-0.538,0,0.305,0,-0.496,0,-0.041,0,-0.115,0,-0.401,0,-0.143,0,-0.283,0,-0.392,0,-0.229,0,-0.607,0,NA,NA,0,0.589886019,-7.19E-05,0,0.734948658,-0.006856489
TMED4,222068,ENSG00000158604,0.483379501,0,0.493670886,0,NA,NA,NA,0.53591,0.53559,0,0.999997,10156,-0.037909497,-0.011926104,0,-0.071925843,0.53106904,0,1,0,1,0.069994547,0.1,0.622,1,0,-0.756,0.002,1,0,0.072,0.649866567,0,0.158,0.320310748,0,0.033,0.903214873,0,-0.039,0.799860867,0,-0.158,0,-0.029,0,-0.041,0,-0.063,0,0.271,0,0.015,0,-0.152,0,-0.123,0,-0.088,0,0.341,0,0.002,0,0.045,0,-0.027,0,-0.093,0,-0.092,0,NA,NA,0,0.02715962,-0.017679617,1,0.941844241,0.004082556
CLDN15,24146,ENSG00000106404,0.40625,0,0.363636364,0,NA,NA,NA,0.73924,0.73903,0,0.999997,13945,-0.002972466,-0.041254838,0,0.179457583,0.833922482,0,1,0,1,0.121141309,-1.205,8.35E-69,1.25E-64,1,-0.134,0.237,1,0,-0.339,0.421847717,0,-0.333,0.973478122,0,0.082,0.719752171,0,-0.22,0.802902145,0,-0.805,0,-0.663,0,-0.209,0,0.096,0,-0.437,0,-0.471,0,-0.286,0,-0.51,0,-0.476,0,-0.279,0,-0.696,0,-1.034,0,-0.565,0,-0.655,0,-0.473,0,NA,NA,0,0.84530872,-0.002418314,0,0.732097997,-0.006237428
PURB,5814,ENSG00000146676,1,1,0,0,NA,NA,NA,0.50553,0.50634,0,0.999997,9584,-0.012024478,0.012369213,0,-0.003334767,0.680674206,0,1,0,1,0.364328245,0.13,0.781,1,0,-1.81,3.29E-09,4.87E-05,1,-0.011,0.677372713,0,-0.171,0.83587281,0,0.077,0.974723378,0,-0.202,0.80775328,0,-0.034,0,-0.166,0,0.079,0,-0.284,0,0.01,0,-0.075,0,0.019,0,0.569,0,-0.117,0,-0.315,0,-0.088,0,-0.312,0,-0.564,0,-0.062,0,-0.368,0,NA,NA,0,0.968442714,-0.003859244,0,0.205997343,-0.030157545
IGF2BP3,10643,ENSG00000136231,0.521477543,0,0.499684675,0,NA,NA,NA,0.80499,0.80495,0,0.999997,15182,-0.000363311,-0.002830441,0,-0.14089681,0.69171405,0,1,0,1,0.095843226,-1.305,1.04E-19,1.53E-15,1,0.914,1,1,0,0.029,0.363306499,0,-0.12,0.919441273,0,0.189,0.925462401,0,-0.004,0.811953466,0,0.145,0,0.175,0,0.1,0,-0.301,0,0.383,0,-0.393,0,-0.001,0,0.488,0,-0.346,0,-0.318,0,0.201,0,-0.305,0,0.282,0,-0.304,0,0.379,0,NA,NA,0,0.031975431,-0.029546396,1,0.918003955,0.011793798
BRAF,673,ENSG00000157764,0.503166784,0,0.392510402,0,1,0,0,0.47259,0.47584,0,0.999997,9009,-0.033923333,0.007585371,0,0.111441358,0.769566857,0,1,0,1,0.038299813,-1.4,1.07E-07,0.002,1,1.072,0.999,1,0,-0.342,0.28969894,0,-0.617,0.048694787,0,0.255,0.453726062,0,-0.023,0.824227833,0,0.181,0,0.091,0,0.255,0,-0.027,0,-0.46,0,-0.818,0,-1.18,0,0.158,0,-0.207,0,-0.759,0,-0.686,0,-0.388,0,-1.695,0,-1.357,0,-0.86,0,NA,NA,0,0.11409229,0.017194019,0,0.113497328,0.02494132
LMBR1,NA,ENSG00000105983,0.5053916,0,0.484808454,0,NA,NA,NA,0.49351,0.495,0,0.999997,9372,0.01666131,0.028442806,0,-0.288775522,0.692841168,0,1,0,1,0.018704293,NA,NA,NA,0,NA,NA,NA,0,-0.53,0.797173771,0,-0.263,0.949545713,0,0.076,0.876094695,0,-0.183,0.834973936,0,-0.357,0,-0.406,0,-0.454,0,-0.34,0,-0.274,0,0.038,0,0.019,0,-0.195,0,-0.566,0,-0.458,0,-0.053,0,-0.679,0,0.079,0,-0.084,0,-0.479,0,1.285875152,0.00142487,1,0.27990902,-0.010565791,0,0.049611381,0.032283788
LRCH4,4034,ENSG00000077454,0.541401274,0,0.497476871,0,NA,NA,NA,0.1332,0.21388,0,0.996358,4089,0.002751002,-0.002763262,0,-0.28091832,0.703807916,0,1,0,1,0.01012884,0.37,0.841,1,0,0.246,0.758,1,0,-0.194,0.773667975,0,-0.315,0.288599274,0,0.131,0.7623712,0,0.019,0.837640194,0,-0.167,0,0.206,0,0.352,0,-0.051,0,-0.319,0,0.064,0,0.236,0,-0.184,0,0.02,0,-0.158,0,-0.444,0,-0.141,0,-0.45,0,-0.195,0,-0.003,0,1.409378652,0.016744517,1,0.469969664,0.005314967,0,0.034977287,-0.036265252
STK17A,9263,ENSG00000164543,0.55511811,0,0.520467836,0,NA,NA,NA,0.76246,0.76229,0,0.999997,14378,3.17E-05,0.014831316,0,-0.06131386,0.679741725,0,1,0,1,0.476464557,-0.32,0.049,1,0,-0.149,0.304,1,0,0.147,0.258503441,0,0.128,0.1132479,0,0.074,0.755362078,0,0.095,0.840196211,0,0.284,0,0.003,0,-0.018,0,-0.138,0,-0.086,0,-0.013,0,-0.235,0,0.157,0,0.156,0,0.32,0,0.148,0,-0.296,0,-0.029,0,0.066,0,0.202,0,1.060123428,0.011679799,1,0.953593202,-0.010244707,0,0.708345029,-0.026210573
KMT2E,55904,ENSG00000005483,0.642563783,1,0.595214021,0,NA,NA,NA,0.89898,0.89856,0,0.999997,17003,0.015184261,-2.49E-05,0,-1.094456062,3.246145005,1,0.009294686,1,0.361698834,0.215083932,0.16,0.732,1,0,0.461,0.777,1,0,0.111,0.56344309,0,-0.326,0.645862067,0,0.242,0.532911858,0,-0.068,0.840770679,0,-0.164,0,-0.026,0,-0.219,0,-0.106,0,-0.576,0,-0.077,0,0.091,0,0.349,0,0.179,0,0.015,0,-0.384,0,-0.115,0,0.435,0,-0.216,0,-0.072,0,NA,NA,0,0.421209834,-0.037988348,0,0.597201318,0.022040199
CCZ1B,NA,ENSG00000146574,0.522292994,0,0.479289941,0,NA,NA,NA,0.61693,0.61673,0,0.999997,11670,0.003699646,-0.007864138,0,0.148183624,0.70460941,0,1,0,1,0.092255215,NA,NA,NA,0,NA,NA,NA,0,0.173,0.350082871,0,-0.364,0.905436965,0,-0.12,0.840221478,0,-0.002,0.844708977,0,-0.413,0,-0.495,0,-0.637,0,-0.663,0,-0.536,0,-1.091,0,-1.56,0,-0.927,0,0.17,0,-1.397,0,-0.038,0,-0.768,0,-0.265,0,-0.295,0,-0.383,0,1.450766494,0.006499924,1,0.699089009,0.005336329,0,0.343975903,0.005722036
CREB5,9586,ENSG00000146592,0.501885212,0,0.468253968,0,NA,NA,NA,0.066535,0.11859,0,0.984455,2302,-0.018423595,-0.077541993,1,-0.356717728,0.800119454,0,1,0,1,0.419030074,0.08,0.085,1,0,0.284,0.815,1,0,-0.852,0.722615803,0,-1.144,0.471013027,0,-0.43,0.856570389,0,-0.55,0.863197518,0,-0.881,0,-0.94,0,-0.771,0,-0.422,0,-0.659,0,-1.33,0,-0.99,0,-0.794,0,-0.417,0,-0.585,0,-0.837,0,-0.989,0,-1.091,0,-0.899,0,-0.851,0,NA,NA,0,0.018555762,-0.019993594,1,0.031281756,-0.015290374
ZSCAN25,221785,NA,NA,0,NA,0,NA,NA,NA,0.48859,0.49046,0,0.999997,9276,-0.004427667,-0.00792698,0,0.113051725,0.724005135,0,1,0,1,0.116401063,-1.21,1.22E-09,1.74E-05,1,-1.411,0.006,1,0,-0.127,0.938957257,0,-0.143,0.963491659,0,0.064,0.775130688,0,-0.014,0.880167992,0,-0.373,0,-0.112,0,-0.446,0,0.122,0,-0.251,0,-0.358,0,-0.199,0,-0.182,0,-0.077,0,-0.037,0,-0.376,0,0.098,0,-0.237,0,-0.143,0,-0.164,0,NA,NA,0,0.611917419,0.008821204,0,0.986174994,-0.004548977
WASL,8976,ENSG00000106299,0.379042691,0,0.473304473,0,NA,NA,NA,0.73491,0.73473,0,0.999997,13858,-0.004269322,-0.004851928,0,-0.598282524,1.631664351,1,1,0,1,0.316607204,0.145,0.858,1,0,-0.233,0.362,1,0,-0.093,0.36196619,0,-0.575,0.918483714,0,-0.038,0.67717409,0,-0.552,0.92239454,0,-0.466,0,-0.321,0,-0.451,0,0.096,0,-0.463,0,-0.506,0,0.01,0,-0.617,0,-0.301,0,-0.353,0,-0.39,0,-0.22,0,0.028,0,-1.067,0,-0.166,0,NA,NA,0,0.551845122,-0.012589191,0,0.875612176,-0.024774102
TNRC18,NA,NA,NA,0,NA,0,NA,NA,NA,0.78966,0.78968,0,0.999997,14875,-0.024361607,-0.005100545,0,0.388416468,1.388800059,1,0.008796824,1,0.348865972,0.468676026,NA,NA,NA,0,NA,NA,NA,0,-0.219,0.965826063,0,-0.438,0.703701091,0,-0.159,0.985593355,0,-0.212,0.924785347,0,0.209,0,0.099,0,-0.288,0,-0.254,0,-0.253,0,-0.257,0,-0.425,0,-0.371,0,-0.533,0,-0.699,0,-0.233,0,-1.256,0,-1.005,0,-1.393,0,-0.16,0,NA,NA,0,0.010631737,-0.033607141,1,0.176836361,-0.010173138
ZNF92,168374,ENSG00000146757,0.454655381,0,0.513793103,0,NA,NA,NA,0.96485,0.96472,0,0.999997,18272,0.015222804,0.011843759,0,0.100210863,0.706363043,0,1,0,1,0.050591927,-0.02,0.583,1,0,-0.617,0.349,1,0,-0.106,0.763016157,0,-0.03,0.17509466,0,-0.014,0.884410888,0,-0.22,0.927968854,0,0.089,0,-0.008,0,-0.572,0,0.323,0,-0.058,0,-0.054,0,0.047,0,0.039,0,0.006,0,-0.301,0,0.014,0,0.606,0,-0.001,0,-0.088,0,-0.202,0,1.625826171,0.014816676,1,0.388682998,0.000946887,0,0.595585633,-0.009681434
CALN1,83698,NA,NA,0,NA,0,NA,NA,NA,0.63701,0.63683,0,0.999997,12038,NA,NA,0,-0.539342923,1.098287963,0,1,0,1,0.028154346,0.135,0.906,1,0,-0.565,0.01,1,0,0.243,0.078472372,0,-0.148,0.54828064,0,0.203,0.871415708,0,0.147,0.930848855,0,-0.313,0,-0.055,0,0.099,0,-0.221,0,-0.089,0,-0.168,0,-0.193,0,-0.15,0,-0.42,0,0.251,0,-0.229,0,0.256,0,-0.25,0,-0.079,0,-0.327,0,NA,NA,0,0.019361018,-0.022015305,1,0.286408965,-0.007904635
MOSPD3,64598,ENSG00000106330,0.497175141,0,0.545454545,0,NA,NA,NA,0.51927,0.51959,0,0.999997,9841,-0.008048158,-0.02020832,0,0.194345525,0.86068816,0,1,0,1,0.010126117,0.025,0.685,1,0,0.144,0.848,1,0,-0.476,0.879444806,0,-1.002,0.304918941,0,-0.298,0.830314453,0,-0.389,0.93559566,0,-0.082,0,-0.297,0,-0.683,0,-0.178,0,-0.706,0,-0.052,0,-0.344,0,-0.09,0,-0.147,0,-0.955,0,-0.257,0,-0.684,0,-0.301,0,-0.739,0,-0.189,0,NA,NA,0,0.022030653,-0.022315739,1,0.819509803,0.000279545
DNAJB9,4189,ENSG00000128590,0.394396552,0,0.435779817,0,NA,NA,NA,0.1617,0.24269,0,0.997004,4643,-0.00933502,-0.019831166,0,-0.505764817,1.302439966,1,1,0,1,0.012216179,0.04,0.682,1,0,0.317,0.727,1,0,-0.082,0.753107983,0,0.341,0.573170146,0,0.302,0.467935249,0,-0.101,0.939687039,0,-0.128,0,0.294,0,0.354,0,-0.032,0,-0.122,0,-0.056,0,0.062,0,0.357,0,0.055,0,0.242,0,0.156,0,0.255,0,-0.255,0,-0.555,0,-0.113,0,1.0075339,0.029891813,1,0.651531788,0.02249353,0,0.634068136,-0.007980556
C1GALT1,NA,NA,NA,0,NA,0,NA,NA,NA,0.76473,0.76453,0,0.999997,14422,-0.021725832,-0.017888466,0,-0.051785476,0.538875303,0,0.084363792,0,0.974856983,0.313724873,NA,NA,NA,0,NA,NA,NA,0,0.21,0.692555029,0,0.343,0.189808701,0,0.117,0.72783146,0,0.061,0.959375898,0,0.329,0,-0.104,0,0.118,0,0.428,0,0.323,0,-0.011,0,-0.167,0,0.12,0,-0.113,0,0.505,0,0.464,0,0.289,0,0.105,0,0.536,0,0.615,0,1.204462792,0.041192048,1,0.291430708,0.006242302,0,0.404979811,-0.001067243
ZNF789,285989,ENSG00000198556,0.48989899,0,0.467914439,0,NA,NA,NA,0.097062,0.16237,0,0.988199,3135,-0.012785845,-0.03806737,0,-0.308892597,0.738176716,0,1,0,1,0.014027449,-0.24,0.457,1,0,0.839,0.753,1,0,-0.191,0.187291953,0,-0.35,0.830371403,0,0.125,0.687370808,0,-0.01,0.963030124,0,-0.204,0,0.192,0,-0.105,0,-0.105,0,-0.277,0,0.058,0,0.143,0,-0.038,0,-0.398,0,-0.034,0,-0.262,0,-0.45,0,-0.064,0,0.317,0,-0.031,0,NA,NA,0,0.002822633,-0.016562442,1,0.031031111,0.02806089
PTPN12,5782,ENSG00000127947,0.587347232,0,0.589197225,0,NA,NA,NA,0.8094,0.80936,0,0.999997,15272,-0.029341332,-0.017090538,0,-0.18553865,0.599211852,0,0.035749447,1,0.725042254,0.343037468,-0.2,0.455,1,0,-0.769,0.308,1,0,0.6,0.064592692,0,-0.238,0.927014218,0,0.082,0.672542244,0,-0.186,0.975295586,0,0.113,0,0.493,0,-0.281,0,-0.219,0,-0.094,0,0.18,0,-0.474,0,0.324,0,0.034,0,0.005,0,-0.516,0,-0.192,0,-0.181,0,0.028,0,-0.055,0,NA,NA,0,0.003202081,-0.044908232,1,0.892625147,-0.054846675
ZDHHC4,55146,ENSG00000136247,0.50048216,0,0.50877193,0,NA,NA,NA,0.57525,0.57508,0,0.999997,10887,-0.021198163,0.005193647,0,0.195864422,0.999677381,0,0.059809786,0,0.875472935,0.282824616,-0.13,0.096,1,0,0.113,0.614,1,0,-0.003,0.819807593,0,-0.284,0.846173675,0,-0.119,0.940321428,0,0.045,0.980167254,0,0.042,0,0.315,0,-0.034,0,-0.374,0,0.032,0,-0.117,0,-0.38,0,0.123,0,-0.217,0,0.184,0,0.037,0,-0.293,0,-0.033,0,-0.054,0,-0.133,0,2.781758563,0.000252257,1,0.261809221,-0.020650853,0,0.505855045,-0.030522538
IRF5,3663,ENSG00000128604,0.575892857,0,0.508703619,0,NA,NA,NA,0.41302,0.42456,0,0.999997,8046,-0.012187953,-0.019635693,0,-0.211254486,0.68728868,0,1,0,1,0.038136806,-1.115,2.84E-07,0.004,1,-0.786,0.101,1,0,-0.189,0.650420669,0,-0.659,0.26487372,0,0.328,0.208151816,0,-0.144,0.981285787,0,0.259,0,0.3,0,0.193,0,-0.234,0,-0.42,0,-0.236,0,0.043,0,0.216,0,-0.061,0,-0.119,0,-0.011,0,-0.168,0,-0.262,0,-0.854,0,0.167,0,NA,NA,0,0.716945437,-0.080557746,0,0.58833985,0.007845234
TRIP6,7205,ENSG00000087077,0.512331839,0,0.474304069,0,NA,NA,NA,0.00060164,0.0022235,1,0.769456,54,-0.013130274,-0.005592262,0,-0.323395768,0.924992537,0,0.04416136,1,0.779410477,0.059943837,0.045,0.275,1,0,-0.176,0.203,1,0,-0.289,0.77470606,0,-0.793,0.573514376,0,-0.116,0.972664429,0,-0.189,0.985121956,0,-0.211,0,-0.263,0,-0.72,0,-0.435,0,-1.039,0,-0.176,0,0.042,0,-0.439,0,0.014,0,-0.143,0,-0.484,0,-0.593,0,-0.69,0,-0.679,0,-0.487,0,NA,NA,0,0.143283207,0.007462722,0,0.455330628,-0.038138606
SP4,6671,ENSG00000105866,0.511612903,0,0.54318618,0,NA,NA,NA,0.5206,0.52079,0,0.999997,9869,-0.005412301,-0.009942786,0,0.170915204,0.859644388,0,1,0,1,0.290516354,-1.16,0.001,1,0,-3.81,0.008,1,0,0.033,0.847918081,0,0.066,0.498609485,0,0.037,0.894583203,0,-0.158,0.987088562,0,-0.347,0,0.283,0,-0.061,0,0.055,0,0.266,0,0.024,0,-0.572,0,0.173,0,-0.029,0,0.244,0,-0.045,0,-0.054,0,0.165,0,0.214,0,-0.009,0,NA,NA,0,0.032661847,-0.026252839,1,0.467554952,-0.042154768
JAZF1,221895,ENSG00000153814,0.533993276,0,0.493527508,0,NA,NA,NA,0.55171,0.55136,0,0.999997,10448,-0.004434596,-0.03230679,0,0.006870205,0.562040123,0,1,0,1,0.058605753,-0.3,0.169,1,0,-0.147,0.494,1,0,0.055,0.614395155,0,0.261,0.331575604,0,0.398,0.252462126,0,-0.066,0.989112419,0,-0.768,0,-0.192,0,-0.773,0,-0.051,0,-0.87,0,-0.221,0,-0.383,0,-0.734,0,-0.658,0,-0.498,0,-0.139,0,-0.376,0,-0.181,0,-0.042,0,-0.581,0,NA,NA,0,0.003628999,-0.023551853,1,0.071414283,-0.081982024
AP5Z1,9907,ENSG00000242802,0.529166667,0,0.581395349,0,NA,NA,NA,0.61576,0.61552,0,0.999997,11656,-0.000195092,-0.017984262,0,-0.692336273,1.578959296,1,1,0,1,0.048236435,-0.01,0.447,1,0,-0.053,0.489,1,0,0.057,0.456090639,0,-0.018,0.87192213,0,0.741,0.040515936,1,-0.093,0.991635532,0,-0.179,0,-0.122,0,0.412,0,-0.19,0,-0.276,0,-0.376,0,-0.176,0,-0.066,0,-0.429,0,0.089,0,0.246,0,-0.235,0,-0.226,0,-0.235,0,-0.046,0,NA,NA,0,0.273577996,0.004538938,0,0.034254179,-0.031518481
LUC7L2,51631,NA,NA,0,NA,0,NA,NA,NA,0.36035,0.38215,0,0.999997,7236,0.005049018,-0.01303124,0,-0.341041646,0.796933115,0,0.008128302,1,0.332228783,0.875265445,-1.09,1.90E-13,2.76E-09,1,-0.95,0.000174,1,0,-0.987,0.001935995,0,-1.534,0.011230159,0,0.067,0.683805353,0,-0.19,0.991635532,0,-0.005,0,-1.055,0,0.364,0,-0.312,0,0.024,0,-1.127,0,-1.379,0,0.747,0,-0.11,0,-1.269,0,-0.991,0,-0.914,0,-0.946,0,-2.606,0,-0.557,0,NA,NA,0,0.023538013,-0.015354312,1,0.546132414,0.018417771
PLOD3,8985,ENSG00000106397,0.518147685,0,0.520547945,0,NA,NA,NA,0.4799,0.48255,0,0.999997,9113,-0.015658711,-0.014587356,0,-0.202657374,0.646646169,0,0.093986723,0,0.974856983,0.210628047,0.01,0.404,1,0,-0.497,0.084,1,0,-0.2,0.635618195,0,-0.41,0.301527631,0,0.383,0.276152811,0,-0.062,0.995522684,0,0.134,0,0.087,0,-0.155,0,-0.198,0,-0.159,0,0.077,0,-0.191,0,0.058,0,-0.686,0,-0.432,0,-0.258,0,-0.27,0,-0.319,0,-0.269,0,-0.175,0,1.060806306,0.030636799,1,0.896780291,-0.026065799,0,0.224645989,-0.014343361
ISPD,NA,ENSG00000214960,0.496779536,0,0.495055022,0,NA,NA,NA,0.34292,0.36866,0,0.999997,6974,-0.004255519,0.030584191,0,0.032289218,0.589789802,0,1,0,1,0.053308982,NA,NA,NA,0,NA,NA,NA,0,NA,NA,0,NA,NA,0,NA,NA,0,NA,NA,0,0.145,0,0.017,0,-0.261,0,-0.058,0,0.007,0,-0.192,0,-0.313,0,0.123,0,-0.554,0,-0.377,0,0.126,0,-0.374,0,0.254,0,-0.207,0,-0.366,0,NA,NA,0,0.025745359,-0.019853407,1,0.138987164,-0.052489589
TARP,NA,NA,NA,0,NA,0,NA,NA,NA,0.66453,0.66419,0,0.999997,12533,NA,NA,0,0.044464943,0.660887923,0,1,0,1,0.647911979,NA,NA,NA,0,NA,NA,NA,0,NA,NA,0,NA,NA,0,NA,NA,0,NA,NA,0,0.21,0,0.122,0,1.103,1,-0.133,0,0.122,0,0.152,0,0.114,0,0.211,0,0.438,0,0.113,0,0.455,0,0.045,0,0.048,0,0.575,0,0.65,0,NA,NA,0,0.539946212,-0.012642393,0,0.443288315,-0.00994937
TMEM120A,83862,NA,NA,0,NA,0,NA,NA,NA,0.82131,0.8212,0,0.999997,15499,-0.074172424,-0.014349345,0,0.674644322,2.018188496,0,1,0,1,0.108047401,-1.35,1.26E-44,1.88E-40,1,-0.347,0.051,1,0,NA,NA,0,NA,NA,0,NA,NA,0,NA,NA,0,0.066,0,-0.339,0,-0.288,0,-0.152,0,0.269,0,-0.126,0,0.269,0,0.378,0,0.233,0,0.184,0,-0.161,0,-0.322,0,-0.337,0,-0.14,0,-0.157,0,NA,NA,0,0.155952168,-0.004993277,0,0.736046041,0.005924418